Genome	Gene_Symbol	Sequence_Name	Class	Subclass	Coverage	Identity	Scope	Element_Type	Accession	Contig	Start	Stop
2212168481	mecA	PBP2a family beta-lactam-resistant peptidoglycan transpeptidase MecA	BETA-LACTAM	METHICILLIN	100.00	100.00	core	AMR	WP_000721310.1	NZ_CP092565.1	39212	41215
2212168481	mecR1	beta-lactam sensor/signal transducer MecR1	BETA-LACTAM	METHICILLIN	55.56	100.00	core	AMR	WP_000952923.1	NZ_CP092565.1	41315	42289
2212168481	tet(38)	tetracycline efflux MFS transporter Tet(38)	TETRACYCLINE	TETRACYCLINE	100.00	100.00	core	AMR	WP_001100299.1	NZ_CP092565.1	124615	125964
2212168481	mepA	multidrug efflux MATE transporter MepA	TETRACYCLINE	TIGECYCLINE	100.00	100.00	plus	AMR	BAB41547.1	NZ_CP092565.1	353400	354752
2212168481	selX	staphylococcal enterotoxin-like toxin X	NA	NA	100.00	96.06	plus	VIRULENCE	AEI60187.1	NZ_CP092565.1	388064	388672
2212168481	splB	serine protease SplB	NA	NA	100.00	98.75	plus	VIRULENCE	ABD31003.1	NZ_CP092565.1	1844927	1845646
2212168481	splA	serine protease SplA	NA	NA	100.00	97.02	plus	VIRULENCE	ABD31004.1	NZ_CP092565.1	1845774	1846478
2212168481	lukD	bi-component leukocidin LukED subunit D	NA	NA	100.00	94.19	plus	VIRULENCE	CAA73668.1	NZ_CP092565.1	1850612	1851592
2212168481	lukE	bi-component leukocidin LukED subunit E	NA	NA	100.00	99.68	plus	VIRULENCE	RCV70079.1	NZ_CP092565.1	1851597	1852529
2212168481	sen	staphylococcal enterotoxin type N	NA	NA	100.00	99.26	plus	VIRULENCE	SAO78304.1	NZ_CP092565.1	1858671	1859486
2212168481	seu	staphylococcal enterotoxin type U	NA	NA	52.11	93.38	plus	VIRULENCE	SGR88168.1	NZ_CP092565.1	1859528	1859935
2212168481	sei	staphylococcal enterotoxin type I	NA	NA	99.59	93.80	plus	VIRULENCE	SGR88193.1	NZ_CP092565.1	1860453	1861178
2212168481	sem	staphylococcal enterotoxin type M	NA	NA	100.00	94.14	plus	VIRULENCE	SGR88215.1	NZ_CP092565.1	1861216	1861932
2212168481	seo	staphylococcal enterotoxin type O	NA	NA	100.00	100.00	plus	VIRULENCE	BAB42916.1	NZ_CP092565.1	1862216	1862995
2212168481	hld	delta-hemolysin	NA	NA	100.00	100.00	plus	VIRULENCE	AGU62139.1	NZ_CP092565.1	2060484	2060561
2212168481	lmrS	multidrug efflux MFS transporter LmrS	MACROLIDE/PHENICOL	CHLORAMPHENICOL/ERYTHROMYCIN	100.00	98.96	plus	STRESS	AAW38464.1	NZ_CP092565.1	2213610	2215049
2212168481	fosB	FosB/FosD family fosfomycin resistance bacillithiol transferase	FOSFOMYCIN	FOSFOMYCIN	100.00	100.00	core	AMR	WP_000920239.1	NZ_CP092565.1	2365514	2365930
2212168481	hlgA	bi-component gamma-hemolysin HlgAB subunit A	NA	NA	100.00	100.00	plus	VIRULENCE	AUU54669.1	NZ_CP092565.1	2454362	2455288
2212168481	hlgC	bi-component gamma-hemolysin HlgCB subunit C	NA	NA	100.00	97.46	plus	VIRULENCE	CAA57277.1	NZ_CP092565.1	2455858	2456802
2212168481	hlgB	bi-component gamma-hemolysin HlgAB/HlgCB subunit B	NA	NA	100.00	97.54	plus	VIRULENCE	CAA57278.1	NZ_CP092565.1	2456807	2457781
2212168481	aph(3')-IIIa	aminoglycoside O-phosphotransferase APH(3')-IIIa	AMINOGLYCOSIDE	AMIKACIN/KANAMYCIN	100.00	100.00	core	AMR	WP_001096887.1	NZ_CP092565.1	2639897	2640688
2212168481	sat4	streptothricin N-acetyltransferase Sat4	STREPTOTHRICIN	STREPTOTHRICIN	100.00	97.78	core	AMR	WP_000627290.1	NZ_CP092565.1	2640784	2641311
2212168481	ant(6)-Ia	aminoglycoside nucleotidyltransferase ANT(6)-Ia	AMINOGLYCOSIDE	STREPTOMYCIN	69.87	100.00	core	AMR	WP_001255866.1	NZ_CP092565.1	2641311	2641943
2212168481	msr(A)	ABC-F type ribosomal protection protein Msr(A)	MACROLIDE/STREPTOGRAMIN	ERYTHROMYCIN/STREPTOGRAMIN B	100.00	100.00	core	AMR	WP_000438874.1	NZ_CP092565.1	2652104	2653567
2212168481	mph(C)	Mph(C) family macrolide 2'-phosphotransferase	MACROLIDE	ERYTHROMYCIN/SPIRAMYCIN/TELITHROMYCIN	100.00	99.67	core	AMR	WP_000196697.1	NZ_CP092565.1	2653669	2654565
2212168481	cadC	Cd(II)/Pb(II)/Zn(II)-sensing metalloregulatory transcriptional repressor CadC	CADMIUM/LEAD/ZINC	CADMIUM/LEAD/ZINC	100.00	97.54	plus	STRESS	AAB59153.1	NZ_CP092565.1	2655933	2656298
2212168481	ant(6)-Ia	aminoglycoside nucleotidyltransferase ANT(6)-Ia	AMINOGLYCOSIDE	STREPTOMYCIN	69.87	100.00	core	AMR	WP_001255866.1	NZ_CP092565.1	2662272	2662904
2212168481	sat4	streptothricin N-acetyltransferase Sat4	STREPTOTHRICIN	STREPTOTHRICIN	100.00	97.78	core	AMR	WP_000627290.1	NZ_CP092565.1	2662904	2663431
2212168481	aph(3')-IIIa	aminoglycoside O-phosphotransferase APH(3')-IIIa	AMINOGLYCOSIDE	AMIKACIN/KANAMYCIN	100.00	100.00	core	AMR	WP_001096887.1	NZ_CP092565.1	2663527	2664318
2212168481	aur	zinc metalloproteinase aureolysin	NA	NA	100.00	99.21	plus	VIRULENCE	EHO93748.1	NZ_CP092565.1	2732515	2734041
2212168481	icaC	polysaccharide intercellular adhesin biosynthesis/export protein IcaC	NA	NA	100.00	100.00	plus	VIRULENCE	AUU58561.1	NZ_CP092565.1	2777275	2778324
3004670934	bleO	bleomycin binding protein	BLEOMYCIN	BLEOMYCIN	100.00	100.00	core	AMR	WP_001242578.1	NZ_CP040665.2	40180	40581
3004670934	aadD1	aminoglycoside O-nucleotidyltransferase ANT(4')-Ia	AMINOGLYCOSIDE	KANAMYCIN/TOBRAMYCIN	100.00	100.00	core	AMR	WP_001795128.1	NZ_CP040665.2	40801	41568
3004670934	mecA	PBP2a family beta-lactam-resistant peptidoglycan transpeptidase MecA	BETA-LACTAM	METHICILLIN	100.00	100.00	core	AMR	WP_000721310.1	NZ_CP040665.2	44017	46020
3004670934	mecR1	beta-lactam sensor/signal transducer MecR1	BETA-LACTAM	METHICILLIN	100.00	100.00	core	AMR	WP_000952923.1	NZ_CP040665.2	46120	47874
3004670934	mecI	mecA-type methicillin resistance repressor MecI	BETA-LACTAM	METHICILLIN	100.00	100.00	core	AMR	WP_000369214.1	NZ_CP040665.2	47877	48245
3004670934	erm(A)	23S rRNA (adenine(2058)-N(6))-methyltransferase Erm(A)	LINCOSAMIDE/MACROLIDE	AZITHROMYCIN/CLARITHROMYCIN/CLINDAMYCIN/ERYTHROMYCIN/TELITHROMYCIN	100.00	100.00	core	AMR	WP_001072201.1	NZ_CP040665.2	54949	55677
3004670934	ant(9)-Ia	aminoglycoside nucleotidyltransferase ANT(9)-Ia	AMINOGLYCOSIDE	SPECTINOMYCIN	100.00	100.00	core	AMR	WP_000067268.1	NZ_CP040665.2	55809	56588
3004670934	tet(38)	tetracycline efflux MFS transporter Tet(38)	TETRACYCLINE	TETRACYCLINE	100.00	100.00	core	AMR	WP_001100299.1	NZ_CP040665.2	149922	151271
3004670934	mepA	multidrug efflux MATE transporter MepA	TETRACYCLINE	TIGECYCLINE	100.00	100.00	plus	AMR	BAB41547.1	NZ_CP040665.2	378601	379953
3004670934	selX	staphylococcal enterotoxin-like toxin X	NA	NA	100.00	96.06	plus	VIRULENCE	AEI60187.1	NZ_CP040665.2	413264	413872
3004670934	erm(A)	23S rRNA (adenine(2058)-N(6))-methyltransferase Erm(A)	LINCOSAMIDE/MACROLIDE	AZITHROMYCIN/CLARITHROMYCIN/CLINDAMYCIN/ERYTHROMYCIN/TELITHROMYCIN	100.00	100.00	core	AMR	WP_001072201.1	NZ_CP040665.2	1725918	1726646
3004670934	ant(9)-Ia	aminoglycoside nucleotidyltransferase ANT(9)-Ia	AMINOGLYCOSIDE	SPECTINOMYCIN	100.00	100.00	core	AMR	WP_000067268.1	NZ_CP040665.2	1726778	1727557
3004670934	splB	serine protease SplB	NA	NA	100.00	98.75	plus	VIRULENCE	ABD31003.1	NZ_CP040665.2	1901987	1902706
3004670934	splA	serine protease SplA	NA	NA	100.00	97.02	plus	VIRULENCE	ABD31004.1	NZ_CP040665.2	1902834	1903538
3004670934	lukE	bi-component leukocidin LukED subunit E	NA	NA	100.00	99.68	plus	VIRULENCE	RCV70079.1	NZ_CP040665.2	1908657	1909589
3004670934	sen	staphylococcal enterotoxin type N	NA	NA	100.00	99.26	plus	VIRULENCE	SAO78304.1	NZ_CP040665.2	1915731	1916546
3004670934	seu	staphylococcal enterotoxin type U	NA	NA	52.11	93.38	plus	VIRULENCE	SGR88168.1	NZ_CP040665.2	1916588	1916995
3004670934	sei	staphylococcal enterotoxin type I	NA	NA	99.59	93.80	plus	VIRULENCE	SGR88193.1	NZ_CP040665.2	1917513	1918238
3004670934	sem	staphylococcal enterotoxin type M	NA	NA	100.00	94.14	plus	VIRULENCE	SGR88215.1	NZ_CP040665.2	1918276	1918992
3004670934	seo	staphylococcal enterotoxin type O	NA	NA	100.00	100.00	plus	VIRULENCE	BAB42916.1	NZ_CP040665.2	1919276	1920055
3004670934	scn	complement inhibitor SCIN-A	NA	NA	100.00	100.00	plus	VIRULENCE	ADL23798.1	NZ_CP040665.2	2044877	2045224
3004670934	sak	staphylokinase	NA	NA	100.00	98.77	plus	VIRULENCE	CAA24957.1	NZ_CP040665.2	2047441	2047929
3004670934	hld	delta-hemolysin	NA	NA	100.00	100.00	plus	VIRULENCE	AGU62139.1	NZ_CP040665.2	2100142	2100219
3004670934	lmrS	multidrug efflux MFS transporter LmrS	MACROLIDE/PHENICOL	CHLORAMPHENICOL/ERYTHROMYCIN	100.00	99.17	plus	STRESS	AAW38464.1	NZ_CP040665.2	2251995	2253434
3004670934	fosB	FosB/FosD family fosfomycin resistance bacillithiol transferase	FOSFOMYCIN	FOSFOMYCIN	100.00	100.00	core	AMR	WP_000920239.1	NZ_CP040665.2	2403836	2404252
3004670934	hlgA	bi-component gamma-hemolysin HlgAB subunit A	NA	NA	100.00	100.00	plus	VIRULENCE	AUU54669.1	NZ_CP040665.2	2492770	2493696
3004670934	hlgC	bi-component gamma-hemolysin HlgCB subunit C	NA	NA	100.00	97.46	plus	VIRULENCE	CAA57277.1	NZ_CP040665.2	2494266	2495210
3004670934	hlgB	bi-component gamma-hemolysin HlgAB/HlgCB subunit B	NA	NA	100.00	97.54	plus	VIRULENCE	CAA57278.1	NZ_CP040665.2	2495215	2496189
3004670934	aur	zinc metalloproteinase aureolysin	NA	NA	100.00	99.21	plus	VIRULENCE	EHO93748.1	NZ_CP040665.2	2733349	2734875
3004670934	icaC	polysaccharide intercellular adhesin biosynthesis/export protein IcaC	NA	NA	100.00	100.00	plus	VIRULENCE	AUU58561.1	NZ_CP040665.2	2778205	2779254
2064726533	seo	staphylococcal enterotoxin type O	NA	NA	100.00	99.62	plus	VIRULENCE	BAB42916.1	NZ_CP077755.1	82595	83374
2064726533	sem	staphylococcal enterotoxin type M	NA	NA	100.00	94.14	plus	VIRULENCE	SGR88215.1	NZ_CP077755.1	83658	84374
2064726533	sei	staphylococcal enterotoxin type I	NA	NA	99.59	93.80	plus	VIRULENCE	SGR88193.1	NZ_CP077755.1	84412	85137
2064726533	seu	staphylococcal enterotoxin type U	NA	NA	100.00	94.25	plus	VIRULENCE	SGR88168.1	NZ_CP077755.1	85294	86061
2064726533	sel27	staphylococcal enterotoxin type 27	NA	NA	100.00	96.00	plus	VIRULENCE	NDR16746.1	NZ_CP077755.1	91959	92708
2064726533	sel28	staphylococcal enterotoxin type 28	NA	NA	100.00	98.76	plus	VIRULENCE	NDR16747.1	NZ_CP077755.1	92738	93460
2064726533	fexA	chloramphenicol/florfenicol efflux MFS transporter FexA	PHENICOL	CHLORAMPHENICOL/FLORFENICOL	100.00	99.37	core	AMR	WP_015585966.1	NZ_CP077755.1	260812	262236
2064726533	selX	staphylococcal enterotoxin-like toxin X	NA	NA	100.00	95.07	plus	VIRULENCE	AEI60187.1	NZ_CP077755.1	1555862	1556470
2064726533	mepA	multidrug efflux MATE transporter MepA	TETRACYCLINE	TIGECYCLINE	100.00	99.56	plus	AMR	AAU95768.1	NZ_CP077755.1	1589596	1590948
2064726533	tet(38)	tetracycline efflux MFS transporter Tet(38)	TETRACYCLINE	TETRACYCLINE	100.00	100.00	core	AMR	WP_001100300.1	NZ_CP077755.1	1820240	1821589
2064726533	arsC	thioredoxin-dependent arsenate reductase	ARSENIC	ARSENATE	100.00	99.24	plus	STRESS	AAA25638.1	NZ_CP077755.1	1852675	1853067
2064726533	arsB	arsenite efflux transporter membrane subunit ArsB	ARSENIC	ARSENITE	100.00	100.00	plus	STRESS	AAA25637.1	NZ_CP077755.1	1853088	1854374
2064726533	arsR	As(III)-sensing metalloregulatory transcriptional repressor ArsR	ARSENIC	ARSENIC	100.00	99.04	plus	STRESS	AAA25636.1	NZ_CP077755.1	1854377	1854688
2064726533	aadD1	aminoglycoside O-nucleotidyltransferase ANT(4')-Ia	AMINOGLYCOSIDE	KANAMYCIN/TOBRAMYCIN	100.00	100.00	core	AMR	WP_001795128.1	NZ_CP077755.1	1856858	1857625
2064726533	lnu(B)	lincosamide nucleotidyltransferase Lnu(B)	LINCOSAMIDE	LINCOSAMIDE	100.00	100.00	core	AMR	WP_002294514.1	NZ_CP077755.1	1864891	1865691
2064726533	lsa(E)	ABC-F type ribosomal protection protein Lsa(E)	LINCOSAMIDE/STREPTOGRAMIN	LINCOSAMIDE/STREPTOGRAMIN	100.00	100.00	core	AMR	WP_002294513.1	NZ_CP077755.1	1865748	1867229
2064726533	spw	ANT(9) family aminoglycoside nucleotidyltransferase Spw	AMINOGLYCOSIDE	AMINOGLYCOSIDE	100.00	100.00	core	AMR	WP_002294509.1	NZ_CP077755.1	1869299	1870105
2064726533	ant(6)-Ia	aminoglycoside nucleotidyltransferase ANT(6)-Ia	AMINOGLYCOSIDE	STREPTOMYCIN	100.00	100.00	core	AMR	WP_002294505.1	NZ_CP077755.1	1870811	1871671
2064726533	tet(L)	tetracycline efflux MFS transporter Tet(L)	TETRACYCLINE	TETRACYCLINE	100.00	100.00	core	AMR	WP_001574277.1	NZ_CP077755.1	1874244	1875617
2064726533	erm(C)	23S rRNA (adenine(2058)-N(6))-methyltransferase Erm(C)	LINCOSAMIDE/MACROLIDE/STREPTOGRAMIN	CLINDAMYCIN/ERYTHROMYCIN/STREPTOGRAMIN B/TYLOSIN	100.00	98.77	core	AMR	WP_001003264.1	NZ_CP077755.1	1878328	1879059
2064726533	aac(6')-Ie/aph(2'')-Ia	bifunctional aminoglycoside N-acetyltransferase AAC(6')-Ie/aminoglycoside O-phosphotransferase APH(2'')-Ia	AMINOGLYCOSIDE	AMIKACIN/GENTAMICIN/KANAMYCIN/TOBRAMYCIN	100.00	100.00	core	AMR	WP_001028144.1	NZ_CP077755.1	1882350	1883786
2064726533	blaPC1	BlaZ family penicillin-hydrolyzing class A beta-lactamase PC1	BETA-LACTAM	BETA-LACTAM	100.00	100.00	core	AMR	WP_000733283.1	NZ_CP077755.1	1886673	1887515
2064726533	blaR1	beta-lactam sensor/signal transducer BlaR1	BETA-LACTAM	BETA-LACTAM	100.00	99.83	core	AMR	WP_001096376.1	NZ_CP077755.1	1887622	1889376
2064726533	blaI	penicillinase repressor BlaI	BETA-LACTAM	BETA-LACTAM	100.00	100.00	core	AMR	WP_001284656.1	NZ_CP077755.1	1889369	1889746
2064726533	mecA	PBP2a family beta-lactam-resistant peptidoglycan transpeptidase MecA	BETA-LACTAM	METHICILLIN	100.00	99.85	core	AMR	WP_000721306.1	NZ_CP077755.1	1944109	1946112
2064726533	icaC	polysaccharide intercellular adhesin biosynthesis/export protein IcaC	NA	NA	100.00	100.00	plus	VIRULENCE	AUU58561.1	NZ_CP077755.1	2057991	2059040
2064726533	aur	zinc metalloproteinase aureolysin	NA	NA	100.00	99.21	plus	VIRULENCE	EHO93748.1	NZ_CP077755.1	2101882	2103408
2064726533	mco	multi-copper oxidase Mco	COPPER	COPPER	100.00	99.13	plus	STRESS	AAQ17236.1	NZ_CP077755.1	2138918	2140303
2064726533	sey	staphylococcal enterotoxin type Y	NA	NA	100.00	99.10	plus	VIRULENCE	BAS21358.1	NZ_CP077755.1	2212272	2212934
2064726533	hlgB	bi-component gamma-hemolysin HlgAB/HlgCB subunit B	NA	NA	100.00	97.54	plus	VIRULENCE	CAA57278.1	NZ_CP077755.1	2340797	2341771
2064726533	hlgC	bi-component gamma-hemolysin HlgCB subunit C	NA	NA	100.00	97.46	plus	VIRULENCE	CAA57277.1	NZ_CP077755.1	2341776	2342720
2064726533	hlgA	bi-component gamma-hemolysin HlgAB subunit A	NA	NA	100.00	100.00	plus	VIRULENCE	AUU54669.1	NZ_CP077755.1	2343291	2344217
2064726533	dfrG	trimethoprim-resistant dihydrofolate reductase DfrG	TRIMETHOPRIM	TRIMETHOPRIM	100.00	100.00	core	AMR	WP_000868795.1	NZ_CP077755.1	2398304	2398798
2064726533	fosB	FosB/FosD family fosfomycin resistance bacillithiol transferase	FOSFOMYCIN	FOSFOMYCIN	100.00	99.28	core	AMR	WP_000920239.1	NZ_CP077755.1	2437670	2438086
2064726533	lmrS	multidrug efflux MFS transporter LmrS	MACROLIDE/PHENICOL	CHLORAMPHENICOL/ERYTHROMYCIN	100.00	99.38	plus	STRESS	AAW38464.1	NZ_CP077755.1	2580618	2582057
2064726533	hld	delta-hemolysin	NA	NA	100.00	100.00	plus	VIRULENCE	AGU62139.1	NZ_CP077755.1	2732757	2732834
2064726533	blaZ	penicillin-hydrolyzing class A beta-lactamase BlaZ	BETA-LACTAM	BETA-LACTAM	100.00	95.02	core	AMR	WP_000733281.1	NZ_CP077755.1	2773005	2773847
2064726533	blaI	penicillinase repressor BlaI	BETA-LACTAM	BETA-LACTAM	100.00	96.03	core	AMR	WP_001284656.1	NZ_CP077755.1	2775701	2776078
2999172154	spw	ANT(9) family aminoglycoside nucleotidyltransferase Spw	AMINOGLYCOSIDE	AMINOGLYCOSIDE	100.00	100.00	core	AMR	WP_002294509.1	NZ_CP049976.1	427	1233
2999172154	lsa(E)	ABC-F type ribosomal protection protein Lsa(E)	LINCOSAMIDE/STREPTOGRAMIN	LINCOSAMIDE/STREPTOGRAMIN	100.00	100.00	core	AMR	WP_002294513.1	NZ_CP049976.1	3303	4784
2999172154	lnu(B)	lincosamide nucleotidyltransferase Lnu(B)	LINCOSAMIDE	LINCOSAMIDE	100.00	100.00	core	AMR	WP_002294514.1	NZ_CP049976.1	4841	5641
2999172154	aadD1	aminoglycoside O-nucleotidyltransferase ANT(4')-Ia	AMINOGLYCOSIDE	KANAMYCIN/TOBRAMYCIN	100.00	100.00	core	AMR	WP_001795128.1	NZ_CP049976.1	9033	9800
2999172154	blaI	penicillinase repressor BlaI	BETA-LACTAM	BETA-LACTAM	100.00	100.00	core	AMR	WP_001284656.1	NZ_CP049976.1	33057	33434
2999172154	blaR1	beta-lactam sensor/signal transducer BlaR1	BETA-LACTAM	BETA-LACTAM	100.00	99.83	core	AMR	WP_001096376.1	NZ_CP049976.1	33427	35181
2999172154	blaPC1	BlaZ family penicillin-hydrolyzing class A beta-lactamase PC1	BETA-LACTAM	BETA-LACTAM	100.00	100.00	core	AMR	WP_000733283.1	NZ_CP049976.1	35288	36130
2999172154	dfrG	trimethoprim-resistant dihydrofolate reductase DfrG	TRIMETHOPRIM	TRIMETHOPRIM	100.00	100.00	core	AMR	WP_000868795.1	NZ_CP049976.1	38878	39372
2999172154	mepA	multidrug efflux MATE transporter MepA	TETRACYCLINE	TIGECYCLINE	100.00	98.67	plus	AMR	BAB41547.1	NZ_CP049976.1	55755	57107
2999172154	tet(M)	tetracycline resistance ribosomal protection protein Tet(M)	TETRACYCLINE	TETRACYCLINE	100.00	100.00	core	AMR	WP_000691736.1	NZ_CP049976.1	643765	645681
2999172154	sel26	staphylococcal enterotoxin type 26	NA	NA	100.00	96.40	plus	VIRULENCE	KAG18833.1	NZ_CP049976.1	1398156	1398905
2999172154	fexA	chloramphenicol/florfenicol efflux MFS transporter FexA	PHENICOL	CHLORAMPHENICOL/FLORFENICOL	100.00	99.79	core	AMR	WP_015585966.1	NZ_CP049976.1	1451176	1452600
2999172154	hld	delta-hemolysin	NA	NA	100.00	100.00	plus	VIRULENCE	AGU62139.1	NZ_CP049976.1	1786413	1786490
2999172154	lmrS	multidrug efflux MFS transporter LmrS	MACROLIDE/PHENICOL	CHLORAMPHENICOL/ERYTHROMYCIN	100.00	97.08	plus	STRESS	AAW38464.1	NZ_CP049976.1	1950364	1951803
2999172154	hlgA	bi-component gamma-hemolysin HlgAB subunit A	NA	NA	100.00	99.35	plus	VIRULENCE	AUU54669.1	NZ_CP049976.1	2192365	2193291
2999172154	hlgC	bi-component gamma-hemolysin HlgCB subunit C	NA	NA	100.00	99.37	plus	VIRULENCE	CAA57277.1	NZ_CP049976.1	2193862	2194806
2999172154	hlgB	bi-component gamma-hemolysin HlgAB/HlgCB subunit B	NA	NA	100.00	100.00	plus	VIRULENCE	CAA57278.1	NZ_CP049976.1	2194811	2195785
2999172154	mco	multi-copper oxidase Mco	COPPER	COPPER	100.00	99.13	plus	STRESS	AAQ17236.1	NZ_CP049976.1	2395605	2396990
2999172154	aur	zinc metalloproteinase aureolysin	NA	NA	100.00	99.21	plus	VIRULENCE	EHO93748.1	NZ_CP049976.1	2432499	2434025
2999172154	icaC	polysaccharide intercellular adhesin biosynthesis/export protein IcaC	NA	NA	100.00	100.00	plus	VIRULENCE	AUU58561.1	NZ_CP049976.1	2476867	2477916
2999172154	mecA	PBP2a family beta-lactam-resistant peptidoglycan transpeptidase MecA	BETA-LACTAM	METHICILLIN	100.00	100.00	core	AMR	WP_000721306.1	NZ_CP049976.1	2557507	2559510
2999172154	tet(38)	tetracycline efflux MFS transporter Tet(38)	TETRACYCLINE	TETRACYCLINE	100.00	100.00	core	AMR	WP_001100293.1	NZ_CP049976.1	2663750	2665099
2999172154	aac(6')-Ie/aph(2'')-Ia	bifunctional aminoglycoside N-acetyltransferase AAC(6')-Ie/aminoglycoside O-phosphotransferase APH(2'')-Ia	AMINOGLYCOSIDE	AMIKACIN/GENTAMICIN/KANAMYCIN/TOBRAMYCIN	100.00	100.00	core	AMR	WP_001028144.1	NZ_CP049976.1	2877723	2879159
2999172154	tet(L)	tetracycline efflux MFS transporter Tet(L)	TETRACYCLINE	TETRACYCLINE	100.00	99.56	core	AMR	WP_001574277.1	NZ_CP049976.1	2885827	2887200
2999172154	erm(T)	23S rRNA (adenine(2058)-N(6))-methyltransferase Erm(T)	LINCOSAMIDE/MACROLIDE/STREPTOGRAMIN	ERYTHROMYCIN/LINCOSAMIDE/STREPTOGRAMIN/TYLOSIN	100.00	100.00	core	AMR	WP_002345002.1	NZ_CP049976.1	2887850	2888581
2999172154	ant(6)-Ia	aminoglycoside nucleotidyltransferase ANT(6)-Ia	AMINOGLYCOSIDE	STREPTOMYCIN	100.00	100.00	core	AMR	WP_002294505.1	NZ_CP049976.1	2894849	2895709
2772899465	mecA	PBP2a family beta-lactam-resistant peptidoglycan transpeptidase MecA	BETA-LACTAM	METHICILLIN	100.00	100.00	core	AMR	WP_000721310.1	NZ_CP160409.1	39083	41086
2772899465	mecR1	beta-lactam sensor/signal transducer MecR1	BETA-LACTAM	METHICILLIN	55.56	100.00	core	AMR	WP_000952923.1	NZ_CP160409.1	41186	42160
2772899465	tet(38)	tetracycline efflux MFS transporter Tet(38)	TETRACYCLINE	TETRACYCLINE	100.00	100.00	core	AMR	WP_001100300.1	NZ_CP160409.1	157527	158876
2772899465	mepA	multidrug efflux MATE transporter MepA	TETRACYCLINE	TIGECYCLINE	100.00	99.78	plus	AMR	AAU95768.1	NZ_CP160409.1	387189	388541
2772899465	selX	staphylococcal enterotoxin-like toxin X	NA	NA	100.00	96.55	plus	VIRULENCE	AEI60187.1	NZ_CP160409.1	421773	422381
2772899465	sek	staphylococcal enterotoxin type K	NA	NA	100.00	97.11	plus	VIRULENCE	AAW36439.1	NZ_CP160409.1	898175	898900
2772899465	seq	staphylococcal enterotoxin type Q	NA	NA	100.00	97.52	plus	VIRULENCE	EYN56163.1	NZ_CP160409.1	898927	899652
2772899465	lukF-PV	Panton-Valentine bi-component leukocidin subunit F	NA	NA	100.00	98.77	plus	VIRULENCE	BAA24008.1	NZ_CP160409.1	1560997	1561971
2772899465	lukS-PV	Panton-Valentine bi-component leukocidin subunit S	NA	NA	100.00	99.68	plus	VIRULENCE	AGW33874.1	NZ_CP160409.1	1561976	1562911
2772899465	sel26	staphylococcal enterotoxin type 26	NA	NA	100.00	96.80	plus	VIRULENCE	KAG18833.1	NZ_CP160409.1	1709586	1710335
2772899465	splE	serine protease SplE	NA	NA	100.00	100.00	plus	VIRULENCE	ABD30999.1	NZ_CP160409.1	1941187	1941900
2772899465	splB	serine protease SplB	NA	NA	100.00	100.00	plus	VIRULENCE	ABD31003.1	NZ_CP160409.1	1943678	1944397
2772899465	splA	serine protease SplA	NA	NA	100.00	100.00	plus	VIRULENCE	ABD31004.1	NZ_CP160409.1	1944525	1945229
2772899465	lukD	bi-component leukocidin LukED subunit D	NA	NA	100.00	94.50	plus	VIRULENCE	CAA73668.1	NZ_CP160409.1	1956881	1957861
2772899465	lukE	bi-component leukocidin LukED subunit E	NA	NA	100.00	99.68	plus	VIRULENCE	RCV70079.1	NZ_CP160409.1	1957866	1958798
2772899465	scn	complement inhibitor SCIN-A	NA	NA	100.00	100.00	plus	VIRULENCE	ADL23798.1	NZ_CP160409.1	2129630	2129977
2772899465	sak	staphylokinase	NA	NA	100.00	98.77	plus	VIRULENCE	CAA24957.1	NZ_CP160409.1	2132194	2132682
2772899465	hld	delta-hemolysin	NA	NA	100.00	100.00	plus	VIRULENCE	AGU62139.1	NZ_CP160409.1	2190340	2190417
2772899465	lmrS	multidrug efflux MFS transporter LmrS	MACROLIDE/PHENICOL	CHLORAMPHENICOL/ERYTHROMYCIN	100.00	99.58	plus	STRESS	AAW38464.1	NZ_CP160409.1	2342525	2343964
2772899465	fosB	FosB/FosD family fosfomycin resistance bacillithiol transferase	FOSFOMYCIN	FOSFOMYCIN	100.00	100.00	core	AMR	WP_000920239.1	NZ_CP160409.1	2495712	2496128
2772899465	hlgA	bi-component gamma-hemolysin HlgAB subunit A	NA	NA	100.00	100.00	plus	VIRULENCE	AUU54669.1	NZ_CP160409.1	2585406	2586332
2772899465	hlgC	bi-component gamma-hemolysin HlgCB subunit C	NA	NA	100.00	97.14	plus	VIRULENCE	CAA57277.1	NZ_CP160409.1	2586902	2587846
2772899465	hlgB	bi-component gamma-hemolysin HlgAB/HlgCB subunit B	NA	NA	100.00	97.54	plus	VIRULENCE	CAA57278.1	NZ_CP160409.1	2587851	2588825
2772899465	aur	zinc metalloproteinase aureolysin	NA	NA	100.00	99.21	plus	VIRULENCE	EHO93748.1	NZ_CP160409.1	2827508	2829034
2772899465	icaC	polysaccharide intercellular adhesin biosynthesis/export protein IcaC	NA	NA	100.00	100.00	plus	VIRULENCE	AUU58561.1	NZ_CP160409.1	2872367	2873416
2064751942	seo	staphylococcal enterotoxin type O	NA	NA	79.23	98.54	plus	VIRULENCE	BAB42916.1	NZ_CP077757.1	83092	83709
2064751942	sel27	staphylococcal enterotoxin type 27	NA	NA	100.00	96.00	plus	VIRULENCE	NDR16746.1	NZ_CP077757.1	89399	90148
2064751942	sel28	staphylococcal enterotoxin type 28	NA	NA	100.00	98.76	plus	VIRULENCE	NDR16747.1	NZ_CP077757.1	90178	90900
2064751942	fexA	chloramphenicol/florfenicol efflux MFS transporter FexA	PHENICOL	CHLORAMPHENICOL/FLORFENICOL	100.00	99.58	core	AMR	WP_015585966.1	NZ_CP077757.1	258251	259675
2064751942	selX	staphylococcal enterotoxin-like toxin X	NA	NA	100.00	95.07	plus	VIRULENCE	AEI60187.1	NZ_CP077757.1	1564607	1565215
2064751942	mepA	multidrug efflux MATE transporter MepA	TETRACYCLINE	TIGECYCLINE	100.00	99.56	plus	AMR	AAU95768.1	NZ_CP077757.1	1598341	1599693
2064751942	tet(38)	tetracycline efflux MFS transporter Tet(38)	TETRACYCLINE	TETRACYCLINE	100.00	100.00	core	AMR	WP_001100300.1	NZ_CP077757.1	1831660	1833009
2064751942	arsC	thioredoxin-dependent arsenate reductase	ARSENIC	ARSENATE	100.00	99.24	plus	STRESS	AAA25638.1	NZ_CP077757.1	1864095	1864487
2064751942	arsB	arsenite efflux transporter membrane subunit ArsB	ARSENIC	ARSENITE	100.00	100.00	plus	STRESS	AAA25637.1	NZ_CP077757.1	1864508	1865794
2064751942	arsR	As(III)-sensing metalloregulatory transcriptional repressor ArsR	ARSENIC	ARSENIC	100.00	99.04	plus	STRESS	AAA25636.1	NZ_CP077757.1	1865797	1866108
2064751942	aadD1	aminoglycoside O-nucleotidyltransferase ANT(4')-Ia	AMINOGLYCOSIDE	KANAMYCIN/TOBRAMYCIN	100.00	100.00	core	AMR	WP_001795128.1	NZ_CP077757.1	1868278	1869045
2064751942	lnu(B)	lincosamide nucleotidyltransferase Lnu(B)	LINCOSAMIDE	LINCOSAMIDE	100.00	100.00	core	AMR	WP_002294514.1	NZ_CP077757.1	1876312	1877112
2064751942	lsa(E)	ABC-F type ribosomal protection protein Lsa(E)	LINCOSAMIDE/STREPTOGRAMIN	LINCOSAMIDE/STREPTOGRAMIN	100.00	100.00	core	AMR	WP_002294513.1	NZ_CP077757.1	1877169	1878650
2064751942	spw	ANT(9) family aminoglycoside nucleotidyltransferase Spw	AMINOGLYCOSIDE	AMINOGLYCOSIDE	100.00	100.00	core	AMR	WP_002294509.1	NZ_CP077757.1	1880720	1881526
2064751942	ant(6)-Ia	aminoglycoside nucleotidyltransferase ANT(6)-Ia	AMINOGLYCOSIDE	STREPTOMYCIN	100.00	100.00	core	AMR	WP_002294505.1	NZ_CP077757.1	1882232	1883092
2064751942	tet(L)	tetracycline efflux MFS transporter Tet(L)	TETRACYCLINE	TETRACYCLINE	100.00	100.00	core	AMR	WP_001574277.1	NZ_CP077757.1	1885665	1887038
2064751942	erm(C)	23S rRNA (adenine(2058)-N(6))-methyltransferase Erm(C)	LINCOSAMIDE/MACROLIDE/STREPTOGRAMIN	CLINDAMYCIN/ERYTHROMYCIN/STREPTOGRAMIN B/TYLOSIN	100.00	98.77	core	AMR	WP_001003264.1	NZ_CP077757.1	1889749	1890480
2064751942	aac(6')-Ie/aph(2'')-Ia	bifunctional aminoglycoside N-acetyltransferase AAC(6')-Ie/aminoglycoside O-phosphotransferase APH(2'')-Ia	AMINOGLYCOSIDE	AMIKACIN/GENTAMICIN/KANAMYCIN/TOBRAMYCIN	100.00	100.00	core	AMR	WP_001028144.1	NZ_CP077757.1	1893769	1895205
2064751942	blaR1	beta-lactam sensor/signal transducer BlaR1	BETA-LACTAM	BETA-LACTAM	74.70	100.00	core	AMR	WP_001096376.1	NZ_CP077757.1	1896612	1897922
2064751942	blaI	penicillinase repressor BlaI	BETA-LACTAM	BETA-LACTAM	100.00	100.00	core	AMR	WP_001284656.1	NZ_CP077757.1	1897915	1898292
2064751942	aur	zinc metalloproteinase aureolysin	NA	NA	100.00	99.21	plus	VIRULENCE	EHO93748.1	NZ_CP077757.1	1979594	1981120
2064751942	icaC	polysaccharide intercellular adhesin biosynthesis/export protein IcaC	NA	NA	100.00	100.00	plus	VIRULENCE	AUU58561.1	NZ_CP077757.1	2023962	2025011
2064751942	mco	multi-copper oxidase Mco	COPPER	COPPER	100.00	99.13	plus	STRESS	AAQ17236.1	NZ_CP077757.1	2101831	2103216
2064751942	sey	staphylococcal enterotoxin type Y	NA	NA	100.00	99.10	plus	VIRULENCE	BAS21358.1	NZ_CP077757.1	2173783	2174445
2064751942	hlgB	bi-component gamma-hemolysin HlgAB/HlgCB subunit B	NA	NA	100.00	97.54	plus	VIRULENCE	CAA57278.1	NZ_CP077757.1	2303641	2304615
2064751942	hlgC	bi-component gamma-hemolysin HlgCB subunit C	NA	NA	100.00	97.46	plus	VIRULENCE	CAA57277.1	NZ_CP077757.1	2304620	2305564
2064751942	hlgA	bi-component gamma-hemolysin HlgAB subunit A	NA	NA	100.00	100.00	plus	VIRULENCE	AUU54669.1	NZ_CP077757.1	2306135	2307061
2064751942	dfrG	trimethoprim-resistant dihydrofolate reductase DfrG	TRIMETHOPRIM	TRIMETHOPRIM	100.00	100.00	core	AMR	WP_000868795.1	NZ_CP077757.1	2361148	2361642
2064751942	fosB	FosB/FosD family fosfomycin resistance bacillithiol transferase	FOSFOMYCIN	FOSFOMYCIN	100.00	99.28	core	AMR	WP_000920239.1	NZ_CP077757.1	2400514	2400930
2064751942	lmrS	multidrug efflux MFS transporter LmrS	MACROLIDE/PHENICOL	CHLORAMPHENICOL/ERYTHROMYCIN	100.00	99.38	plus	STRESS	AAW38464.1	NZ_CP077757.1	2543462	2544901
2064751942	hld	delta-hemolysin	NA	NA	100.00	100.00	plus	VIRULENCE	AGU62139.1	NZ_CP077757.1	2695342	2695419
2064751942	blaZ	penicillin-hydrolyzing class A beta-lactamase BlaZ	BETA-LACTAM	BETA-LACTAM	100.00	95.02	core	AMR	WP_000733281.1	NZ_CP077757.1	2735473	2736315
2064751942	blaI	penicillinase repressor BlaI	BETA-LACTAM	BETA-LACTAM	100.00	96.03	core	AMR	WP_001284656.1	NZ_CP077757.1	2738169	2738546
2236627887	icaC	polysaccharide intercellular adhesin biosynthesis/export protein IcaC	NA	NA	100.00	99.71	plus	VIRULENCE	AUU58561.1	NZ_CP092475.1	39897	40946
2236627887	aur	zinc metalloproteinase aureolysin	NA	NA	100.00	94.11	plus	VIRULENCE	EHO93748.1	NZ_CP092475.1	84368	85894
2236627887	hlgB	bi-component gamma-hemolysin HlgAB/HlgCB subunit B	NA	NA	100.00	98.77	plus	VIRULENCE	CAA57278.1	NZ_CP092475.1	329342	330316
2236627887	hlgC	bi-component gamma-hemolysin HlgCB subunit C	NA	NA	100.00	97.14	plus	VIRULENCE	CAA57277.1	NZ_CP092475.1	330321	331265
2236627887	hlgA	bi-component gamma-hemolysin HlgAB subunit A	NA	NA	100.00	99.68	plus	VIRULENCE	AUU54669.1	NZ_CP092475.1	331836	332762
2236627887	lmrS	multidrug efflux MFS transporter LmrS	MACROLIDE/PHENICOL	CHLORAMPHENICOL/ERYTHROMYCIN	100.00	98.33	plus	STRESS	AAW38464.1	NZ_CP092475.1	572425	573864
2236627887	hld	delta-hemolysin	NA	NA	100.00	100.00	plus	VIRULENCE	AGU62139.1	NZ_CP092475.1	725888	725965
2236627887	sak	staphylokinase	NA	NA	100.00	98.16	plus	VIRULENCE	CAA24957.1	NZ_CP092475.1	784308	784796
2236627887	scn	complement inhibitor SCIN-A	NA	NA	100.00	100.00	plus	VIRULENCE	ADL23798.1	NZ_CP092475.1	787013	787360
2236627887	blaZ	penicillin-hydrolyzing class A beta-lactamase BlaZ	BETA-LACTAM	BETA-LACTAM	100.00	94.66	core	AMR	WP_000733281.1	NZ_CP092475.1	806581	807423
2236627887	blaI	penicillinase repressor BlaI	BETA-LACTAM	BETA-LACTAM	100.00	96.03	core	AMR	WP_001284656.1	NZ_CP092475.1	809277	809654
2236627887	seo	staphylococcal enterotoxin type O	NA	NA	100.00	100.00	plus	VIRULENCE	BAB42916.1	NZ_CP092475.1	921648	922427
2236627887	sem	staphylococcal enterotoxin type M	NA	NA	100.00	93.72	plus	VIRULENCE	SGR88215.1	NZ_CP092475.1	922711	923427
2236627887	sei	staphylococcal enterotoxin type I	NA	NA	99.59	93.80	plus	VIRULENCE	SGR88193.1	NZ_CP092475.1	923465	924190
2236627887	seu	staphylococcal enterotoxin type U	NA	NA	100.00	93.87	plus	VIRULENCE	SGR88168.1	NZ_CP092475.1	924347	925114
2236627887	sen	staphylococcal enterotoxin type N	NA	NA	100.00	99.63	plus	VIRULENCE	SAO78304.1	NZ_CP092475.1	925156	925971
2236627887	sel26	staphylococcal enterotoxin type 26	NA	NA	100.00	94.40	plus	VIRULENCE	KAG18833.1	NZ_CP092475.1	1159388	1160137
2236627887	sel	staphylococcal enterotoxin type L	NA	NA	100.00	99.58	plus	VIRULENCE	AMG40538.1	NZ_CP092475.1	2412994	2413713
2236627887	sec1	staphylococcal enterotoxin type C1	NA	NA	100.00	99.62	plus	VIRULENCE	CAA29260.1	NZ_CP092475.1	2413886	2414683
2236627887	mepA	multidrug efflux MATE transporter MepA	TETRACYCLINE	TIGECYCLINE	100.00	99.11	plus	AMR	BAB41547.1	NZ_CP092475.1	2481013	2482365
2236627887	tet(38)	tetracycline efflux MFS transporter Tet(38)	TETRACYCLINE	TETRACYCLINE	100.00	100.00	core	AMR	WP_001100293.1	NZ_CP092475.1	2708417	2709766
2236627887	mecR1	beta-lactam sensor/signal transducer MecR1	BETA-LACTAM	METHICILLIN	55.56	100.00	core	AMR	WP_000952923.1	NZ_CP092475.1	2796215	2797189
2236627887	mecA	ceftaroline-resistant PBP2a family peptidoglycan transpeptidase MecA	BETA-LACTAM	CEFTAROLINE/METHICILLIN	100.00	100.00	core	AMR	WP_057521704.1	NZ_CP092475.1	2797289	2799292
2212168325	mecA	PBP2a family beta-lactam-resistant peptidoglycan transpeptidase MecA	BETA-LACTAM	METHICILLIN	100.00	100.00	core	AMR	WP_000721310.1	NZ_CP092561.1	39212	41215
2212168325	mecR1	beta-lactam sensor/signal transducer MecR1	BETA-LACTAM	METHICILLIN	55.56	100.00	core	AMR	WP_000952923.1	NZ_CP092561.1	41315	42289
2212168325	tet(38)	tetracycline efflux MFS transporter Tet(38)	TETRACYCLINE	TETRACYCLINE	100.00	100.00	core	AMR	WP_001100299.1	NZ_CP092561.1	124616	125965
2212168325	mepA	multidrug efflux MATE transporter MepA	TETRACYCLINE	TIGECYCLINE	100.00	100.00	plus	AMR	BAB41547.1	NZ_CP092561.1	352889	354241
2212168325	selX	staphylococcal enterotoxin-like toxin X	NA	NA	100.00	96.06	plus	VIRULENCE	AEI60187.1	NZ_CP092561.1	387553	388161
2212168325	splB	serine protease SplB	NA	NA	100.00	98.75	plus	VIRULENCE	ABD31003.1	NZ_CP092561.1	1844416	1845135
2212168325	splA	serine protease SplA	NA	NA	100.00	97.02	plus	VIRULENCE	ABD31004.1	NZ_CP092561.1	1845263	1845967
2212168325	lukD	bi-component leukocidin LukED subunit D	NA	NA	100.00	94.19	plus	VIRULENCE	CAA73668.1	NZ_CP092561.1	1850102	1851082
2212168325	lukE	bi-component leukocidin LukED subunit E	NA	NA	100.00	99.68	plus	VIRULENCE	RCV70079.1	NZ_CP092561.1	1851087	1852019
2212168325	sen	staphylococcal enterotoxin type N	NA	NA	100.00	99.26	plus	VIRULENCE	SAO78304.1	NZ_CP092561.1	1858161	1858976
2212168325	seu	staphylococcal enterotoxin type U	NA	NA	51.72	93.33	plus	VIRULENCE	SGR88168.1	NZ_CP092561.1	1859020	1859424
2212168325	sei	staphylococcal enterotoxin type I	NA	NA	99.18	93.78	plus	VIRULENCE	SGR88193.1	NZ_CP092561.1	1859942	1860664
2212168325	sem	staphylococcal enterotoxin type M	NA	NA	100.00	94.14	plus	VIRULENCE	SGR88215.1	NZ_CP092561.1	1860708	1861424
2212168325	seo	staphylococcal enterotoxin type O	NA	NA	100.00	100.00	plus	VIRULENCE	BAB42916.1	NZ_CP092561.1	1861709	1862488
2212168325	hld	delta-hemolysin	NA	NA	100.00	100.00	plus	VIRULENCE	AGU62139.1	NZ_CP092561.1	2059979	2060056
2212168325	lmrS	multidrug efflux MFS transporter LmrS	MACROLIDE/PHENICOL	CHLORAMPHENICOL/ERYTHROMYCIN	100.00	98.96	plus	STRESS	AAW38464.1	NZ_CP092561.1	2213107	2214546
2212168325	fosB	FosB/FosD family fosfomycin resistance bacillithiol transferase	FOSFOMYCIN	FOSFOMYCIN	100.00	100.00	core	AMR	WP_000920239.1	NZ_CP092561.1	2365011	2365427
2212168325	hlgA	bi-component gamma-hemolysin HlgAB subunit A	NA	NA	100.00	100.00	plus	VIRULENCE	AUU54669.1	NZ_CP092561.1	2453859	2454785
2212168325	hlgC	bi-component gamma-hemolysin HlgCB subunit C	NA	NA	100.00	97.46	plus	VIRULENCE	CAA57277.1	NZ_CP092561.1	2455355	2456299
2212168325	hlgB	bi-component gamma-hemolysin HlgAB/HlgCB subunit B	NA	NA	100.00	97.54	plus	VIRULENCE	CAA57278.1	NZ_CP092561.1	2456304	2457278
2212168325	aph(3')-IIIa	aminoglycoside O-phosphotransferase APH(3')-IIIa	AMINOGLYCOSIDE	AMIKACIN/KANAMYCIN	100.00	100.00	core	AMR	WP_001096887.1	NZ_CP092561.1	2638272	2639063
2212168325	sat4	streptothricin N-acetyltransferase Sat4	STREPTOTHRICIN	STREPTOTHRICIN	100.00	97.78	core	AMR	WP_000627290.1	NZ_CP092561.1	2639159	2639686
2212168325	ant(6)-Ia	aminoglycoside nucleotidyltransferase ANT(6)-Ia	AMINOGLYCOSIDE	STREPTOMYCIN	69.87	100.00	core	AMR	WP_001255866.1	NZ_CP092561.1	2639686	2640318
2212168325	msr(A)	ABC-F type ribosomal protection protein Msr(A)	MACROLIDE/STREPTOGRAMIN	ERYTHROMYCIN/STREPTOGRAMIN B	100.00	100.00	core	AMR	WP_000438874.1	NZ_CP092561.1	2650479	2651942
2212168325	mph(C)	Mph(C) family macrolide 2'-phosphotransferase	MACROLIDE	ERYTHROMYCIN/SPIRAMYCIN/TELITHROMYCIN	100.00	99.67	core	AMR	WP_000196697.1	NZ_CP092561.1	2652044	2652940
2212168325	cadC	Cd(II)/Pb(II)/Zn(II)-sensing metalloregulatory transcriptional repressor CadC	CADMIUM/LEAD/ZINC	CADMIUM/LEAD/ZINC	100.00	97.54	plus	STRESS	AAB59153.1	NZ_CP092561.1	2654308	2654673
2212168325	ant(6)-Ia	aminoglycoside nucleotidyltransferase ANT(6)-Ia	AMINOGLYCOSIDE	STREPTOMYCIN	69.87	100.00	core	AMR	WP_001255866.1	NZ_CP092561.1	2660647	2661279
2212168325	sat4	streptothricin N-acetyltransferase Sat4	STREPTOTHRICIN	STREPTOTHRICIN	61.67	99.10	core	AMR	WP_000627290.1	NZ_CP092561.1	2661279	2661611
2212168325	aph(3')-IIIa	aminoglycoside O-phosphotransferase APH(3')-IIIa	AMINOGLYCOSIDE	AMIKACIN/KANAMYCIN	100.00	100.00	core	AMR	WP_001096887.1	NZ_CP092561.1	2661901	2662692
2212168325	aur	zinc metalloproteinase aureolysin	NA	NA	100.00	99.21	plus	VIRULENCE	EHO93748.1	NZ_CP092561.1	2730889	2732415
2212168325	icaC	polysaccharide intercellular adhesin biosynthesis/export protein IcaC	NA	NA	100.00	100.00	plus	VIRULENCE	AUU58561.1	NZ_CP092561.1	2775649	2776698
NZ_CP077755.1	seo	staphylococcal enterotoxin type O	NA	NA	100.00	99.62	plus	VIRULENCE	BAB42916.1	NZ_CP077755.1	82595	83374
NZ_CP077755.1	sem	staphylococcal enterotoxin type M	NA	NA	100.00	94.14	plus	VIRULENCE	SGR88215.1	NZ_CP077755.1	83658	84374
NZ_CP077755.1	sei	staphylococcal enterotoxin type I	NA	NA	99.59	93.80	plus	VIRULENCE	SGR88193.1	NZ_CP077755.1	84412	85137
NZ_CP077755.1	seu	staphylococcal enterotoxin type U	NA	NA	100.00	94.25	plus	VIRULENCE	SGR88168.1	NZ_CP077755.1	85294	86061
NZ_CP077755.1	sel27	staphylococcal enterotoxin type 27	NA	NA	100.00	96.00	plus	VIRULENCE	NDR16746.1	NZ_CP077755.1	91959	92708
NZ_CP077755.1	sel28	staphylococcal enterotoxin type 28	NA	NA	100.00	98.76	plus	VIRULENCE	NDR16747.1	NZ_CP077755.1	92738	93460
NZ_CP077755.1	fexA	chloramphenicol/florfenicol efflux MFS transporter FexA	PHENICOL	CHLORAMPHENICOL/FLORFENICOL	100.00	99.37	core	AMR	WP_015585966.1	NZ_CP077755.1	260812	262236
NZ_CP077755.1	selX	staphylococcal enterotoxin-like toxin X	NA	NA	100.00	95.07	plus	VIRULENCE	AEI60187.1	NZ_CP077755.1	1555862	1556470
NZ_CP077755.1	mepA	multidrug efflux MATE transporter MepA	TETRACYCLINE	TIGECYCLINE	100.00	99.56	plus	AMR	AAU95768.1	NZ_CP077755.1	1589596	1590948
NZ_CP077755.1	tet(38)	tetracycline efflux MFS transporter Tet(38)	TETRACYCLINE	TETRACYCLINE	100.00	100.00	core	AMR	WP_001100300.1	NZ_CP077755.1	1820240	1821589
NZ_CP077755.1	arsC	thioredoxin-dependent arsenate reductase	ARSENIC	ARSENATE	100.00	99.24	plus	STRESS	AAA25638.1	NZ_CP077755.1	1852675	1853067
NZ_CP077755.1	arsB	arsenite efflux transporter membrane subunit ArsB	ARSENIC	ARSENITE	100.00	100.00	plus	STRESS	AAA25637.1	NZ_CP077755.1	1853088	1854374
NZ_CP077755.1	arsR	As(III)-sensing metalloregulatory transcriptional repressor ArsR	ARSENIC	ARSENIC	100.00	99.04	plus	STRESS	AAA25636.1	NZ_CP077755.1	1854377	1854688
NZ_CP077755.1	aadD1	aminoglycoside O-nucleotidyltransferase ANT(4')-Ia	AMINOGLYCOSIDE	KANAMYCIN/TOBRAMYCIN	100.00	100.00	core	AMR	WP_001795128.1	NZ_CP077755.1	1856858	1857625
NZ_CP077755.1	lnu(B)	lincosamide nucleotidyltransferase Lnu(B)	LINCOSAMIDE	LINCOSAMIDE	100.00	100.00	core	AMR	WP_002294514.1	NZ_CP077755.1	1864891	1865691
NZ_CP077755.1	lsa(E)	ABC-F type ribosomal protection protein Lsa(E)	LINCOSAMIDE/STREPTOGRAMIN	LINCOSAMIDE/STREPTOGRAMIN	100.00	100.00	core	AMR	WP_002294513.1	NZ_CP077755.1	1865748	1867229
NZ_CP077755.1	spw	ANT(9) family aminoglycoside nucleotidyltransferase Spw	AMINOGLYCOSIDE	AMINOGLYCOSIDE	100.00	100.00	core	AMR	WP_002294509.1	NZ_CP077755.1	1869299	1870105
NZ_CP077755.1	ant(6)-Ia	aminoglycoside nucleotidyltransferase ANT(6)-Ia	AMINOGLYCOSIDE	STREPTOMYCIN	100.00	100.00	core	AMR	WP_002294505.1	NZ_CP077755.1	1870811	1871671
NZ_CP077755.1	tet(L)	tetracycline efflux MFS transporter Tet(L)	TETRACYCLINE	TETRACYCLINE	100.00	100.00	core	AMR	WP_001574277.1	NZ_CP077755.1	1874244	1875617
NZ_CP077755.1	erm(C)	23S rRNA (adenine(2058)-N(6))-methyltransferase Erm(C)	LINCOSAMIDE/MACROLIDE/STREPTOGRAMIN	CLINDAMYCIN/ERYTHROMYCIN/STREPTOGRAMIN B/TYLOSIN	100.00	98.77	core	AMR	WP_001003264.1	NZ_CP077755.1	1878328	1879059
NZ_CP077755.1	aac(6')-Ie/aph(2'')-Ia	bifunctional aminoglycoside N-acetyltransferase AAC(6')-Ie/aminoglycoside O-phosphotransferase APH(2'')-Ia	AMINOGLYCOSIDE	AMIKACIN/GENTAMICIN/KANAMYCIN/TOBRAMYCIN	100.00	100.00	core	AMR	WP_001028144.1	NZ_CP077755.1	1882350	1883786
NZ_CP077755.1	blaPC1	BlaZ family penicillin-hydrolyzing class A beta-lactamase PC1	BETA-LACTAM	BETA-LACTAM	100.00	100.00	core	AMR	WP_000733283.1	NZ_CP077755.1	1886673	1887515
NZ_CP077755.1	blaR1	beta-lactam sensor/signal transducer BlaR1	BETA-LACTAM	BETA-LACTAM	100.00	99.83	core	AMR	WP_001096376.1	NZ_CP077755.1	1887622	1889376
NZ_CP077755.1	blaI	penicillinase repressor BlaI	BETA-LACTAM	BETA-LACTAM	100.00	100.00	core	AMR	WP_001284656.1	NZ_CP077755.1	1889369	1889746
NZ_CP077755.1	mecA	PBP2a family beta-lactam-resistant peptidoglycan transpeptidase MecA	BETA-LACTAM	METHICILLIN	100.00	99.85	core	AMR	WP_000721306.1	NZ_CP077755.1	1944109	1946112
NZ_CP077755.1	icaC	polysaccharide intercellular adhesin biosynthesis/export protein IcaC	NA	NA	100.00	100.00	plus	VIRULENCE	AUU58561.1	NZ_CP077755.1	2057991	2059040
NZ_CP077755.1	aur	zinc metalloproteinase aureolysin	NA	NA	100.00	99.21	plus	VIRULENCE	EHO93748.1	NZ_CP077755.1	2101882	2103408
NZ_CP077755.1	mco	multi-copper oxidase Mco	COPPER	COPPER	100.00	99.13	plus	STRESS	AAQ17236.1	NZ_CP077755.1	2138918	2140303
NZ_CP077755.1	sey	staphylococcal enterotoxin type Y	NA	NA	100.00	99.10	plus	VIRULENCE	BAS21358.1	NZ_CP077755.1	2212272	2212934
NZ_CP077755.1	hlgB	bi-component gamma-hemolysin HlgAB/HlgCB subunit B	NA	NA	100.00	97.54	plus	VIRULENCE	CAA57278.1	NZ_CP077755.1	2340797	2341771
NZ_CP077755.1	hlgC	bi-component gamma-hemolysin HlgCB subunit C	NA	NA	100.00	97.46	plus	VIRULENCE	CAA57277.1	NZ_CP077755.1	2341776	2342720
NZ_CP077755.1	hlgA	bi-component gamma-hemolysin HlgAB subunit A	NA	NA	100.00	100.00	plus	VIRULENCE	AUU54669.1	NZ_CP077755.1	2343291	2344217
NZ_CP077755.1	dfrG	trimethoprim-resistant dihydrofolate reductase DfrG	TRIMETHOPRIM	TRIMETHOPRIM	100.00	100.00	core	AMR	WP_000868795.1	NZ_CP077755.1	2398304	2398798
NZ_CP077755.1	fosB	FosB/FosD family fosfomycin resistance bacillithiol transferase	FOSFOMYCIN	FOSFOMYCIN	100.00	99.28	core	AMR	WP_000920239.1	NZ_CP077755.1	2437670	2438086
NZ_CP077755.1	lmrS	multidrug efflux MFS transporter LmrS	MACROLIDE/PHENICOL	CHLORAMPHENICOL/ERYTHROMYCIN	100.00	99.38	plus	STRESS	AAW38464.1	NZ_CP077755.1	2580618	2582057
NZ_CP077755.1	hld	delta-hemolysin	NA	NA	100.00	100.00	plus	VIRULENCE	AGU62139.1	NZ_CP077755.1	2732757	2732834
NZ_CP077755.1	blaZ	penicillin-hydrolyzing class A beta-lactamase BlaZ	BETA-LACTAM	BETA-LACTAM	100.00	95.02	core	AMR	WP_000733281.1	NZ_CP077755.1	2773005	2773847
NZ_CP077755.1	blaI	penicillinase repressor BlaI	BETA-LACTAM	BETA-LACTAM	100.00	96.03	core	AMR	WP_001284656.1	NZ_CP077755.1	2775701	2776078
NZ_CP077757.1	seo	staphylococcal enterotoxin type O	NA	NA	79.23	98.54	plus	VIRULENCE	BAB42916.1	NZ_CP077757.1	83092	83709
NZ_CP077757.1	sel27	staphylococcal enterotoxin type 27	NA	NA	100.00	96.00	plus	VIRULENCE	NDR16746.1	NZ_CP077757.1	89399	90148
NZ_CP077757.1	sel28	staphylococcal enterotoxin type 28	NA	NA	100.00	98.76	plus	VIRULENCE	NDR16747.1	NZ_CP077757.1	90178	90900
NZ_CP077757.1	fexA	chloramphenicol/florfenicol efflux MFS transporter FexA	PHENICOL	CHLORAMPHENICOL/FLORFENICOL	100.00	99.58	core	AMR	WP_015585966.1	NZ_CP077757.1	258251	259675
NZ_CP077757.1	selX	staphylococcal enterotoxin-like toxin X	NA	NA	100.00	95.07	plus	VIRULENCE	AEI60187.1	NZ_CP077757.1	1564607	1565215
NZ_CP077757.1	mepA	multidrug efflux MATE transporter MepA	TETRACYCLINE	TIGECYCLINE	100.00	99.56	plus	AMR	AAU95768.1	NZ_CP077757.1	1598341	1599693
NZ_CP077757.1	tet(38)	tetracycline efflux MFS transporter Tet(38)	TETRACYCLINE	TETRACYCLINE	100.00	100.00	core	AMR	WP_001100300.1	NZ_CP077757.1	1831660	1833009
NZ_CP077757.1	arsC	thioredoxin-dependent arsenate reductase	ARSENIC	ARSENATE	100.00	99.24	plus	STRESS	AAA25638.1	NZ_CP077757.1	1864095	1864487
NZ_CP077757.1	arsB	arsenite efflux transporter membrane subunit ArsB	ARSENIC	ARSENITE	100.00	100.00	plus	STRESS	AAA25637.1	NZ_CP077757.1	1864508	1865794
NZ_CP077757.1	arsR	As(III)-sensing metalloregulatory transcriptional repressor ArsR	ARSENIC	ARSENIC	100.00	99.04	plus	STRESS	AAA25636.1	NZ_CP077757.1	1865797	1866108
NZ_CP077757.1	aadD1	aminoglycoside O-nucleotidyltransferase ANT(4')-Ia	AMINOGLYCOSIDE	KANAMYCIN/TOBRAMYCIN	100.00	100.00	core	AMR	WP_001795128.1	NZ_CP077757.1	1868278	1869045
NZ_CP077757.1	lnu(B)	lincosamide nucleotidyltransferase Lnu(B)	LINCOSAMIDE	LINCOSAMIDE	100.00	100.00	core	AMR	WP_002294514.1	NZ_CP077757.1	1876312	1877112
NZ_CP077757.1	lsa(E)	ABC-F type ribosomal protection protein Lsa(E)	LINCOSAMIDE/STREPTOGRAMIN	LINCOSAMIDE/STREPTOGRAMIN	100.00	100.00	core	AMR	WP_002294513.1	NZ_CP077757.1	1877169	1878650
NZ_CP077757.1	spw	ANT(9) family aminoglycoside nucleotidyltransferase Spw	AMINOGLYCOSIDE	AMINOGLYCOSIDE	100.00	100.00	core	AMR	WP_002294509.1	NZ_CP077757.1	1880720	1881526
NZ_CP077757.1	ant(6)-Ia	aminoglycoside nucleotidyltransferase ANT(6)-Ia	AMINOGLYCOSIDE	STREPTOMYCIN	100.00	100.00	core	AMR	WP_002294505.1	NZ_CP077757.1	1882232	1883092
NZ_CP077757.1	tet(L)	tetracycline efflux MFS transporter Tet(L)	TETRACYCLINE	TETRACYCLINE	100.00	100.00	core	AMR	WP_001574277.1	NZ_CP077757.1	1885665	1887038
NZ_CP077757.1	erm(C)	23S rRNA (adenine(2058)-N(6))-methyltransferase Erm(C)	LINCOSAMIDE/MACROLIDE/STREPTOGRAMIN	CLINDAMYCIN/ERYTHROMYCIN/STREPTOGRAMIN B/TYLOSIN	100.00	98.77	core	AMR	WP_001003264.1	NZ_CP077757.1	1889749	1890480
NZ_CP077757.1	aac(6')-Ie/aph(2'')-Ia	bifunctional aminoglycoside N-acetyltransferase AAC(6')-Ie/aminoglycoside O-phosphotransferase APH(2'')-Ia	AMINOGLYCOSIDE	AMIKACIN/GENTAMICIN/KANAMYCIN/TOBRAMYCIN	100.00	100.00	core	AMR	WP_001028144.1	NZ_CP077757.1	1893769	1895205
NZ_CP077757.1	blaR1	beta-lactam sensor/signal transducer BlaR1	BETA-LACTAM	BETA-LACTAM	74.70	100.00	core	AMR	WP_001096376.1	NZ_CP077757.1	1896612	1897922
NZ_CP077757.1	blaI	penicillinase repressor BlaI	BETA-LACTAM	BETA-LACTAM	100.00	100.00	core	AMR	WP_001284656.1	NZ_CP077757.1	1897915	1898292
NZ_CP077757.1	aur	zinc metalloproteinase aureolysin	NA	NA	100.00	99.21	plus	VIRULENCE	EHO93748.1	NZ_CP077757.1	1979594	1981120
NZ_CP077757.1	icaC	polysaccharide intercellular adhesin biosynthesis/export protein IcaC	NA	NA	100.00	100.00	plus	VIRULENCE	AUU58561.1	NZ_CP077757.1	2023962	2025011
NZ_CP077757.1	mco	multi-copper oxidase Mco	COPPER	COPPER	100.00	99.13	plus	STRESS	AAQ17236.1	NZ_CP077757.1	2101831	2103216
NZ_CP077757.1	sey	staphylococcal enterotoxin type Y	NA	NA	100.00	99.10	plus	VIRULENCE	BAS21358.1	NZ_CP077757.1	2173783	2174445
NZ_CP077757.1	hlgB	bi-component gamma-hemolysin HlgAB/HlgCB subunit B	NA	NA	100.00	97.54	plus	VIRULENCE	CAA57278.1	NZ_CP077757.1	2303641	2304615
NZ_CP077757.1	hlgC	bi-component gamma-hemolysin HlgCB subunit C	NA	NA	100.00	97.46	plus	VIRULENCE	CAA57277.1	NZ_CP077757.1	2304620	2305564
NZ_CP077757.1	hlgA	bi-component gamma-hemolysin HlgAB subunit A	NA	NA	100.00	100.00	plus	VIRULENCE	AUU54669.1	NZ_CP077757.1	2306135	2307061
NZ_CP077757.1	dfrG	trimethoprim-resistant dihydrofolate reductase DfrG	TRIMETHOPRIM	TRIMETHOPRIM	100.00	100.00	core	AMR	WP_000868795.1	NZ_CP077757.1	2361148	2361642
NZ_CP077757.1	fosB	FosB/FosD family fosfomycin resistance bacillithiol transferase	FOSFOMYCIN	FOSFOMYCIN	100.00	99.28	core	AMR	WP_000920239.1	NZ_CP077757.1	2400514	2400930
NZ_CP077757.1	lmrS	multidrug efflux MFS transporter LmrS	MACROLIDE/PHENICOL	CHLORAMPHENICOL/ERYTHROMYCIN	100.00	99.38	plus	STRESS	AAW38464.1	NZ_CP077757.1	2543462	2544901
NZ_CP077757.1	hld	delta-hemolysin	NA	NA	100.00	100.00	plus	VIRULENCE	AGU62139.1	NZ_CP077757.1	2695342	2695419
NZ_CP077757.1	blaZ	penicillin-hydrolyzing class A beta-lactamase BlaZ	BETA-LACTAM	BETA-LACTAM	100.00	95.02	core	AMR	WP_000733281.1	NZ_CP077757.1	2735473	2736315
NZ_CP077757.1	blaI	penicillinase repressor BlaI	BETA-LACTAM	BETA-LACTAM	100.00	96.03	core	AMR	WP_001284656.1	NZ_CP077757.1	2738169	2738546
2267348900	mecA	PBP2a family beta-lactam-resistant peptidoglycan transpeptidase MecA	BETA-LACTAM	METHICILLIN	100.00	100.00	core	AMR	WP_000721310.1	NZ_CP099576.1	38587	40590
2267348900	mecR1	beta-lactam sensor/signal transducer MecR1	BETA-LACTAM	METHICILLIN	55.56	100.00	core	AMR	WP_000952923.1	NZ_CP099576.1	40690	41664
2267348900	tet(38)	tetracycline efflux MFS transporter Tet(38)	TETRACYCLINE	TETRACYCLINE	100.00	100.00	core	AMR	WP_001100300.1	NZ_CP099576.1	158012	159361
2267348900	mepA	multidrug efflux MATE transporter MepA	TETRACYCLINE	TIGECYCLINE	100.00	100.00	plus	AMR	AAU95768.1	NZ_CP099576.1	387674	389026
2267348900	selX	staphylococcal enterotoxin-like toxin X	NA	NA	100.00	96.55	plus	VIRULENCE	AEI60187.1	NZ_CP099576.1	422258	422866
2267348900	sek	staphylococcal enterotoxin type K	NA	NA	100.00	97.11	plus	VIRULENCE	AAW36439.1	NZ_CP099576.1	902321	903046
2267348900	seq	staphylococcal enterotoxin type Q	NA	NA	100.00	97.52	plus	VIRULENCE	EYN56163.1	NZ_CP099576.1	903073	903798
2267348900	lukF-PV	Panton-Valentine bi-component leukocidin subunit F	NA	NA	100.00	98.77	plus	VIRULENCE	BAA24008.1	NZ_CP099576.1	1565187	1566161
2267348900	lukS-PV	Panton-Valentine bi-component leukocidin subunit S	NA	NA	100.00	99.68	plus	VIRULENCE	AGW33874.1	NZ_CP099576.1	1566166	1567101
2267348900	sel26	staphylococcal enterotoxin type 26	NA	NA	100.00	96.80	plus	VIRULENCE	KAG18833.1	NZ_CP099576.1	1713826	1714575
2267348900	splE	serine protease SplE	NA	NA	100.00	100.00	plus	VIRULENCE	ABD30999.1	NZ_CP099576.1	1945444	1946157
2267348900	splB	serine protease SplB	NA	NA	100.00	100.00	plus	VIRULENCE	ABD31003.1	NZ_CP099576.1	1947935	1948654
2267348900	splA	serine protease SplA	NA	NA	100.00	100.00	plus	VIRULENCE	ABD31004.1	NZ_CP099576.1	1948782	1949486
2267348900	lukD	bi-component leukocidin LukED subunit D	NA	NA	100.00	94.50	plus	VIRULENCE	CAA73668.1	NZ_CP099576.1	1961138	1962118
2267348900	lukE	bi-component leukocidin LukED subunit E	NA	NA	100.00	99.68	plus	VIRULENCE	RCV70079.1	NZ_CP099576.1	1962123	1963055
2267348900	scn	complement inhibitor SCIN-A	NA	NA	100.00	100.00	plus	VIRULENCE	ADL23798.1	NZ_CP099576.1	2091569	2091916
2267348900	sak	staphylokinase	NA	NA	100.00	98.77	plus	VIRULENCE	CAA24957.1	NZ_CP099576.1	2094133	2094621
2267348900	hld	delta-hemolysin	NA	NA	100.00	100.00	plus	VIRULENCE	AGU62139.1	NZ_CP099576.1	2152279	2152356
2267348900	lmrS	multidrug efflux MFS transporter LmrS	MACROLIDE/PHENICOL	CHLORAMPHENICOL/ERYTHROMYCIN	100.00	99.79	plus	STRESS	AAW38464.1	NZ_CP099576.1	2304461	2305900
2267348900	fosB	FosB/FosD family fosfomycin resistance bacillithiol transferase	FOSFOMYCIN	FOSFOMYCIN	100.00	100.00	core	AMR	WP_000920239.1	NZ_CP099576.1	2457648	2458064
2267348900	hlgA	bi-component gamma-hemolysin HlgAB subunit A	NA	NA	100.00	100.00	plus	VIRULENCE	AUU54669.1	NZ_CP099576.1	2547312	2548238
2267348900	hlgC	bi-component gamma-hemolysin HlgCB subunit C	NA	NA	100.00	97.14	plus	VIRULENCE	CAA57277.1	NZ_CP099576.1	2548808	2549752
2267348900	hlgB	bi-component gamma-hemolysin HlgAB/HlgCB subunit B	NA	NA	100.00	97.54	plus	VIRULENCE	CAA57278.1	NZ_CP099576.1	2549757	2550731
2267348900	aur	zinc metalloproteinase aureolysin	NA	NA	100.00	99.21	plus	VIRULENCE	EHO93748.1	NZ_CP099576.1	2789298	2790824
2267348900	icaC	polysaccharide intercellular adhesin biosynthesis/export protein IcaC	NA	NA	100.00	100.00	plus	VIRULENCE	AUU58561.1	NZ_CP099576.1	2834157	2835206
2212172067	mecA	PBP2a family beta-lactam-resistant peptidoglycan transpeptidase MecA	BETA-LACTAM	METHICILLIN	100.00	100.00	core	AMR	WP_000721310.1	NZ_CP092567.1	39211	41214
2212172067	mecR1	beta-lactam sensor/signal transducer MecR1	BETA-LACTAM	METHICILLIN	55.56	100.00	core	AMR	WP_000952923.1	NZ_CP092567.1	41316	42290
2212172067	tet(38)	tetracycline efflux MFS transporter Tet(38)	TETRACYCLINE	TETRACYCLINE	100.00	100.00	core	AMR	WP_001100299.1	NZ_CP092567.1	124616	125965
2212172067	mepA	multidrug efflux MATE transporter MepA	TETRACYCLINE	TIGECYCLINE	100.00	100.00	plus	AMR	BAB41547.1	NZ_CP092567.1	349767	351119
2212172067	selX	staphylococcal enterotoxin-like toxin X	NA	NA	100.00	96.06	plus	VIRULENCE	AEI60187.1	NZ_CP092567.1	384431	385039
2212172067	splB	serine protease SplB	NA	NA	100.00	98.75	plus	VIRULENCE	ABD31003.1	NZ_CP092567.1	1886810	1887529
2212172067	splA	serine protease SplA	NA	NA	100.00	97.02	plus	VIRULENCE	ABD31004.1	NZ_CP092567.1	1887657	1888361
2212172067	lukD	bi-component leukocidin LukED subunit D	NA	NA	100.00	94.19	plus	VIRULENCE	CAA73668.1	NZ_CP092567.1	1892497	1893477
2212172067	lukE	bi-component leukocidin LukED subunit E	NA	NA	100.00	99.68	plus	VIRULENCE	RCV70079.1	NZ_CP092567.1	1893482	1894414
2212172067	sen	staphylococcal enterotoxin type N	NA	NA	55.88	97.37	plus	VIRULENCE	SAO78304.1	NZ_CP092567.1	1900559	1901014
2212172067	sem	staphylococcal enterotoxin type M	NA	NA	100.00	94.14	plus	VIRULENCE	SGR88215.1	NZ_CP092567.1	1903109	1903825
2212172067	seo	staphylococcal enterotoxin type O	NA	NA	100.00	100.00	plus	VIRULENCE	BAB42916.1	NZ_CP092567.1	1904109	1904888
2212172067	hld	delta-hemolysin	NA	NA	100.00	100.00	plus	VIRULENCE	AGU62139.1	NZ_CP092567.1	2102384	2102461
2212172067	lmrS	multidrug efflux MFS transporter LmrS	MACROLIDE/PHENICOL	CHLORAMPHENICOL/ERYTHROMYCIN	100.00	98.96	plus	STRESS	AAW38464.1	NZ_CP092567.1	2255513	2256952
2212172067	fosB	FosB/FosD family fosfomycin resistance bacillithiol transferase	FOSFOMYCIN	FOSFOMYCIN	100.00	100.00	core	AMR	WP_000920239.1	NZ_CP092567.1	2407363	2407779
2212172067	hlgA	bi-component gamma-hemolysin HlgAB subunit A	NA	NA	100.00	100.00	plus	VIRULENCE	AUU54669.1	NZ_CP092567.1	2496154	2497080
2212172067	hlgC	bi-component gamma-hemolysin HlgCB subunit C	NA	NA	100.00	97.46	plus	VIRULENCE	CAA57277.1	NZ_CP092567.1	2497652	2498596
2212172067	hlgB	bi-component gamma-hemolysin HlgAB/HlgCB subunit B	NA	NA	100.00	97.54	plus	VIRULENCE	CAA57278.1	NZ_CP092567.1	2498601	2499575
2212172067	aph(3')-IIIa	aminoglycoside O-phosphotransferase APH(3')-IIIa	AMINOGLYCOSIDE	AMIKACIN/KANAMYCIN	100.00	100.00	core	AMR	WP_001096887.1	NZ_CP092567.1	2680565	2681356
2212172067	ant(6)-Ia	aminoglycoside nucleotidyltransferase ANT(6)-Ia	AMINOGLYCOSIDE	STREPTOMYCIN	57.28	100.00	core	AMR	WP_001255866.1	NZ_CP092567.1	2682093	2682611
2212172067	cadC	Cd(II)/Pb(II)/Zn(II)-sensing metalloregulatory transcriptional repressor CadC	CADMIUM/LEAD/ZINC	CADMIUM/LEAD/ZINC	100.00	97.54	plus	STRESS	AAB59153.1	NZ_CP092567.1	2688588	2688953
2212172067	mph(C)	Mph(C) family macrolide 2'-phosphotransferase	MACROLIDE	ERYTHROMYCIN/SPIRAMYCIN/TELITHROMYCIN	100.00	99.67	core	AMR	WP_000196697.1	NZ_CP092567.1	2690321	2691217
2212172067	msr(A)	ABC-F type ribosomal protection protein Msr(A)	MACROLIDE/STREPTOGRAMIN	ERYTHROMYCIN/STREPTOGRAMIN B	100.00	100.00	core	AMR	WP_000438874.1	NZ_CP092567.1	2691319	2692782
2212172067	ant(6)-Ia	aminoglycoside nucleotidyltransferase ANT(6)-Ia	AMINOGLYCOSIDE	STREPTOMYCIN	69.87	100.00	core	AMR	WP_001255866.1	NZ_CP092567.1	2702943	2703575
2212172067	sat4	streptothricin N-acetyltransferase Sat4	STREPTOTHRICIN	STREPTOTHRICIN	100.00	97.78	core	AMR	WP_000627290.1	NZ_CP092567.1	2703575	2704102
2212172067	aph(3')-IIIa	aminoglycoside O-phosphotransferase APH(3')-IIIa	AMINOGLYCOSIDE	AMIKACIN/KANAMYCIN	100.00	100.00	core	AMR	WP_001096887.1	NZ_CP092567.1	2704198	2704989
2212172067	aur	zinc metalloproteinase aureolysin	NA	NA	100.00	99.21	plus	VIRULENCE	EHO93748.1	NZ_CP092567.1	2773189	2774715
2212172067	icaC	polysaccharide intercellular adhesin biosynthesis/export protein IcaC	NA	NA	100.00	100.00	plus	VIRULENCE	AUU58561.1	NZ_CP092567.1	2817948	2818997
2194665735	mecA	PBP2a family beta-lactam-resistant peptidoglycan transpeptidase MecA	BETA-LACTAM	METHICILLIN	100.00	100.00	core	AMR	WP_000721309.1	NZ_CP080249.1	39618	41621
2194665735	mecR1	beta-lactam sensor/signal transducer MecR1	BETA-LACTAM	METHICILLIN	100.00	99.83	core	AMR	WP_000952923.1	NZ_CP080249.1	41721	43475
2194665735	mecI	mecA-type methicillin resistance repressor MecI	BETA-LACTAM	METHICILLIN	100.00	100.00	core	AMR	WP_000369214.1	NZ_CP080249.1	43478	43846
2194665735	fexA	chloramphenicol/florfenicol efflux MFS transporter FexA	PHENICOL	CHLORAMPHENICOL/FLORFENICOL	100.00	98.74	core	AMR	WP_015585966.1	NZ_CP080249.1	50001	51425
2194665735	tet(38)	tetracycline efflux MFS transporter Tet(38)	TETRACYCLINE	TETRACYCLINE	100.00	100.00	core	AMR	WP_001100299.1	NZ_CP080249.1	146538	147887
2194665735	mepA	multidrug efflux MATE transporter MepA	TETRACYCLINE	TIGECYCLINE	100.00	100.00	plus	AMR	BAB41547.1	NZ_CP080249.1	375330	376682
2194665735	selX	staphylococcal enterotoxin-like toxin X	NA	NA	100.00	96.06	plus	VIRULENCE	AEI60187.1	NZ_CP080249.1	409993	410601
2194665735	dfrE	trimethoprim-resistant dihydrofolate reductase DfrE	TRIMETHOPRIM	TRIMETHOPRIM	100.00	100.00	core	AMR	WP_012655890.1	NZ_CP080249.1	1475062	1475553
2194665735	aac(6')-Ie/aph(2'')-Ia	bifunctional aminoglycoside N-acetyltransferase AAC(6')-Ie/aminoglycoside O-phosphotransferase APH(2'')-Ia	AMINOGLYCOSIDE	AMIKACIN/GENTAMICIN/KANAMYCIN/TOBRAMYCIN	100.00	100.00	core	AMR	WP_012655884.1	NZ_CP080249.1	1478851	1480323
2194665735	erm(B)	23S rRNA (adenine(2058)-N(6))-methyltransferase Erm(B)	LINCOSAMIDE/MACROLIDE/STREPTOGRAMIN	CLINDAMYCIN/ERYTHROMYCIN/STREPTOGRAMIN B	100.00	100.00	core	AMR	WP_002292226.1	NZ_CP080249.1	1480907	1481641
2194665735	ant(6)-Ia	aminoglycoside nucleotidyltransferase ANT(6)-Ia	AMINOGLYCOSIDE	STREPTOMYCIN	100.00	100.00	core	AMR	WP_001255866.1	NZ_CP080249.1	1481949	1482854
2194665735	sat4	streptothricin N-acetyltransferase Sat4	STREPTOTHRICIN	STREPTOTHRICIN	51.11	100.00	core	AMR	WP_000627290.1	NZ_CP080249.1	1482854	1483129
2194665735	erm(B)	23S rRNA (adenine(2058)-N(6))-methyltransferase Erm(B)	LINCOSAMIDE/MACROLIDE/STREPTOGRAMIN	CLINDAMYCIN/ERYTHROMYCIN/STREPTOGRAMIN B	100.00	100.00	core	AMR	WP_001038790.1	NZ_CP080249.1	1486310	1487044
2194665735	fexA	chloramphenicol/florfenicol efflux MFS transporter FexA	PHENICOL	CHLORAMPHENICOL/FLORFENICOL	100.00	98.74	core	AMR	WP_015585966.1	NZ_CP080249.1	1797554	1798978
2194665735	splB	serine protease SplB	NA	NA	100.00	98.75	plus	VIRULENCE	ABD31003.1	NZ_CP080249.1	1977244	1977963
2194665735	splA	serine protease SplA	NA	NA	100.00	97.02	plus	VIRULENCE	ABD31004.1	NZ_CP080249.1	1978091	1978795
2194665735	lukD	bi-component leukocidin LukED subunit D	NA	NA	100.00	94.19	plus	VIRULENCE	CAA73668.1	NZ_CP080249.1	1982929	1983909
2194665735	lukE	bi-component leukocidin LukED subunit E	NA	NA	100.00	99.68	plus	VIRULENCE	RCV70079.1	NZ_CP080249.1	1983914	1984846
2194665735	sen	staphylococcal enterotoxin type N	NA	NA	100.00	98.90	plus	VIRULENCE	SAO78304.1	NZ_CP080249.1	1990989	1991804
2194665735	seu	staphylococcal enterotoxin type U	NA	NA	52.11	93.38	plus	VIRULENCE	SGR88168.1	NZ_CP080249.1	1991846	1992253
2194665735	sei	staphylococcal enterotoxin type I	NA	NA	99.59	93.80	plus	VIRULENCE	SGR88193.1	NZ_CP080249.1	1992771	1993496
2194665735	sem	staphylococcal enterotoxin type M	NA	NA	100.00	94.14	plus	VIRULENCE	SGR88215.1	NZ_CP080249.1	1993534	1994250
2194665735	seo	staphylococcal enterotoxin type O	NA	NA	100.00	100.00	plus	VIRULENCE	BAB42916.1	NZ_CP080249.1	1994534	1995313
2194665735	blaI	penicillinase repressor BlaI	BETA-LACTAM	BETA-LACTAM	100.00	96.03	core	AMR	WP_001284656.1	NZ_CP080249.1	2118814	2119191
2194665735	blaZ	penicillin-hydrolyzing class A beta-lactamase BlaZ	BETA-LACTAM	BETA-LACTAM	100.00	94.66	core	AMR	WP_000733281.1	NZ_CP080249.1	2121045	2121887
2194665735	hld	delta-hemolysin	NA	NA	100.00	100.00	plus	VIRULENCE	AGU62139.1	NZ_CP080249.1	2201928	2202005
2194665735	lmrS	multidrug efflux MFS transporter LmrS	MACROLIDE/PHENICOL	CHLORAMPHENICOL/ERYTHROMYCIN	100.00	99.17	plus	STRESS	AAW38464.1	NZ_CP080249.1	2353415	2354854
2194665735	fosB	FosB/FosD family fosfomycin resistance bacillithiol transferase	FOSFOMYCIN	FOSFOMYCIN	100.00	100.00	core	AMR	WP_000920239.1	NZ_CP080249.1	2522532	2522948
2194665735	hlgA	bi-component gamma-hemolysin HlgAB subunit A	NA	NA	100.00	100.00	plus	VIRULENCE	AUU54669.1	NZ_CP080249.1	2611319	2612245
2194665735	hlgC	bi-component gamma-hemolysin HlgCB subunit C	NA	NA	100.00	97.46	plus	VIRULENCE	CAA57277.1	NZ_CP080249.1	2612815	2613759
2194665735	hlgB	bi-component gamma-hemolysin HlgAB/HlgCB subunit B	NA	NA	100.00	97.54	plus	VIRULENCE	CAA57278.1	NZ_CP080249.1	2613764	2614738
2194665735	aur	zinc metalloproteinase aureolysin	NA	NA	100.00	99.21	plus	VIRULENCE	EHO93748.1	NZ_CP080249.1	2852637	2854163
2194665735	icaC	polysaccharide intercellular adhesin biosynthesis/export protein IcaC	NA	NA	100.00	99.71	plus	VIRULENCE	AUU58561.1	NZ_CP080249.1	2897463	2898512
2780070556	mecA	PBP2a family beta-lactam-resistant peptidoglycan transpeptidase MecA	BETA-LACTAM	METHICILLIN	100.00	100.00	core	AMR	WP_000721310.1	NZ_CP160634.1	39629	41632
2780070556	mecR1	beta-lactam sensor/signal transducer MecR1	BETA-LACTAM	METHICILLIN	55.56	100.00	core	AMR	WP_000952923.1	NZ_CP160634.1	41732	42706
2780070556	tet(38)	tetracycline efflux MFS transporter Tet(38)	TETRACYCLINE	TETRACYCLINE	100.00	100.00	core	AMR	WP_001100299.1	NZ_CP160634.1	125864	127213
2780070556	mepA	multidrug efflux MATE transporter MepA	TETRACYCLINE	TIGECYCLINE	100.00	100.00	plus	AMR	BAB41547.1	NZ_CP160634.1	354650	356002
2780070556	selX	staphylococcal enterotoxin-like toxin X	NA	NA	100.00	96.06	plus	VIRULENCE	AEI60187.1	NZ_CP160634.1	389312	389920
2780070556	tet(M)	tetracycline resistance ribosomal protection protein Tet(M)	TETRACYCLINE	TETRACYCLINE	100.00	100.00	core	AMR	WP_000691736.1	NZ_CP160634.1	1522473	1524389
2780070556	scn	complement inhibitor SCIN-A	NA	NA	100.00	100.00	plus	VIRULENCE	ADL23798.1	NZ_CP160634.1	1527925	1528272
2780070556	sak	staphylokinase	NA	NA	80.37	96.95	plus	VIRULENCE	CAA24957.1	NZ_CP160634.1	1530488	1530880
2780070556	fexA	chloramphenicol/florfenicol efflux MFS transporter FexA	PHENICOL	CHLORAMPHENICOL/FLORFENICOL	100.00	99.16	core	AMR	WP_015585966.1	NZ_CP160634.1	1750549	1751973
2780070556	splB	serine protease SplB	NA	NA	100.00	98.75	plus	VIRULENCE	ABD31003.1	NZ_CP160634.1	1926372	1927091
2780070556	splA	serine protease SplA	NA	NA	100.00	97.02	plus	VIRULENCE	ABD31004.1	NZ_CP160634.1	1927219	1927923
2780070556	lukD	bi-component leukocidin LukED subunit D	NA	NA	100.00	94.19	plus	VIRULENCE	CAA73668.1	NZ_CP160634.1	1932056	1933036
2780070556	lukE	bi-component leukocidin LukED subunit E	NA	NA	100.00	99.68	plus	VIRULENCE	RCV70079.1	NZ_CP160634.1	1933041	1933973
2780070556	sen	staphylococcal enterotoxin type N	NA	NA	100.00	99.26	plus	VIRULENCE	SAO78304.1	NZ_CP160634.1	1940115	1940930
2780070556	seu	staphylococcal enterotoxin type U	NA	NA	52.11	93.38	plus	VIRULENCE	SGR88168.1	NZ_CP160634.1	1940972	1941379
2780070556	sei	staphylococcal enterotoxin type I	NA	NA	99.59	93.80	plus	VIRULENCE	SGR88193.1	NZ_CP160634.1	1941897	1942622
2780070556	sem	staphylococcal enterotoxin type M	NA	NA	100.00	94.14	plus	VIRULENCE	SGR88215.1	NZ_CP160634.1	1942660	1943376
2780070556	seo	staphylococcal enterotoxin type O	NA	NA	100.00	100.00	plus	VIRULENCE	BAB42916.1	NZ_CP160634.1	1943660	1944439
2780070556	hld	delta-hemolysin	NA	NA	100.00	100.00	plus	VIRULENCE	AGU62139.1	NZ_CP160634.1	2081948	2082025
2780070556	lmrS	multidrug efflux MFS transporter LmrS	MACROLIDE/PHENICOL	CHLORAMPHENICOL/ERYTHROMYCIN	100.00	99.17	plus	STRESS	AAW38464.1	NZ_CP160634.1	2232073	2233512
2780070556	fosB	FosB/FosD family fosfomycin resistance bacillithiol transferase	FOSFOMYCIN	FOSFOMYCIN	100.00	100.00	core	AMR	WP_000920239.1	NZ_CP160634.1	2383795	2384211
2780070556	hlgA	bi-component gamma-hemolysin HlgAB subunit A	NA	NA	100.00	99.68	plus	VIRULENCE	AUU54669.1	NZ_CP160634.1	2472588	2473514
2780070556	hlgC	bi-component gamma-hemolysin HlgCB subunit C	NA	NA	100.00	97.46	plus	VIRULENCE	CAA57277.1	NZ_CP160634.1	2474084	2475028
2780070556	hlgB	bi-component gamma-hemolysin HlgAB/HlgCB subunit B	NA	NA	100.00	97.54	plus	VIRULENCE	CAA57278.1	NZ_CP160634.1	2475033	2476007
2780070556	aur	zinc metalloproteinase aureolysin	NA	NA	100.00	99.21	plus	VIRULENCE	EHO93748.1	NZ_CP160634.1	2713386	2714912
2780070556	icaC	polysaccharide intercellular adhesin biosynthesis/export protein IcaC	NA	NA	100.00	100.00	plus	VIRULENCE	AUU58561.1	NZ_CP160634.1	2758241	2759290
1376352309	mecA	PBP2a family beta-lactam-resistant peptidoglycan transpeptidase MecA	BETA-LACTAM	METHICILLIN	100.00	100.00	core	AMR	WP_000721310.1	NZ_CP021105.1	40956	42959
1376352309	mecR1	beta-lactam sensor/signal transducer MecR1	BETA-LACTAM	METHICILLIN	55.56	100.00	core	AMR	WP_000952923.1	NZ_CP021105.1	43059	44033
1376352309	tet(38)	tetracycline efflux MFS transporter Tet(38)	TETRACYCLINE	TETRACYCLINE	100.00	100.00	core	AMR	WP_001100299.1	NZ_CP021105.1	117186	118535
1376352309	mepA	multidrug efflux MATE transporter MepA	TETRACYCLINE	TIGECYCLINE	100.00	100.00	plus	AMR	BAB41547.1	NZ_CP021105.1	346050	347402
1376352309	selX	staphylococcal enterotoxin-like toxin X	NA	NA	100.00	96.06	plus	VIRULENCE	AEI60187.1	NZ_CP021105.1	380713	381321
1376352309	splB	serine protease SplB	NA	NA	100.00	98.75	plus	VIRULENCE	ABD31003.1	NZ_CP021105.1	1812024	1812743
1376352309	splA	serine protease SplA	NA	NA	100.00	97.02	plus	VIRULENCE	ABD31004.1	NZ_CP021105.1	1812871	1813575
1376352309	lukD	bi-component leukocidin LukED subunit D	NA	NA	100.00	94.19	plus	VIRULENCE	CAA73668.1	NZ_CP021105.1	1817708	1818688
1376352309	lukE	bi-component leukocidin LukED subunit E	NA	NA	100.00	99.68	plus	VIRULENCE	RCV70079.1	NZ_CP021105.1	1818693	1819625
1376352309	sen	staphylococcal enterotoxin type N	NA	NA	100.00	99.26	plus	VIRULENCE	SAO78304.1	NZ_CP021105.1	1825766	1826581
1376352309	seu	staphylococcal enterotoxin type U	NA	NA	52.11	93.38	plus	VIRULENCE	SGR88168.1	NZ_CP021105.1	1826623	1827030
1376352309	sei	staphylococcal enterotoxin type I	NA	NA	99.59	93.80	plus	VIRULENCE	SGR88193.1	NZ_CP021105.1	1827548	1828273
1376352309	sem	staphylococcal enterotoxin type M	NA	NA	100.00	94.14	plus	VIRULENCE	SGR88215.1	NZ_CP021105.1	1828311	1829027
1376352309	seo	staphylococcal enterotoxin type O	NA	NA	100.00	100.00	plus	VIRULENCE	BAB42916.1	NZ_CP021105.1	1829311	1830090
1376352309	scn	complement inhibitor SCIN-A	NA	NA	100.00	99.14	plus	VIRULENCE	ADL23798.1	NZ_CP021105.1	1954987	1955334
1376352309	sak	staphylokinase	NA	NA	100.00	99.39	plus	VIRULENCE	CAA24957.1	NZ_CP021105.1	1957545	1958033
1376352309	sep	staphylococcal enterotoxin type P	NA	NA	100.00	100.00	plus	VIRULENCE	ADC38120.1	NZ_CP021105.1	1959843	1960622
1376352309	sel	staphylococcal enterotoxin type L	NA	NA	100.00	99.17	plus	VIRULENCE	AMG40538.1	NZ_CP021105.1	2005593	2006312
1376352309	sec3	staphylococcal enterotoxin type C3	NA	NA	100.00	100.00	plus	VIRULENCE	BAB43097.1	NZ_CP021105.1	2006487	2007284
1376352309	tst	toxic shock syndrome toxin TSST-1	NA	NA	100.00	99.15	plus	VIRULENCE	AAA26682.1	NZ_CP021105.1	2009510	2010211
1376352309	hld	delta-hemolysin	NA	NA	100.00	100.00	plus	VIRULENCE	AGU62139.1	NZ_CP021105.1	2022893	2022970
1376352309	lmrS	multidrug efflux MFS transporter LmrS	MACROLIDE/PHENICOL	CHLORAMPHENICOL/ERYTHROMYCIN	100.00	99.17	plus	STRESS	AAW38464.1	NZ_CP021105.1	2175020	2176459
1376352309	fosB	FosB/FosD family fosfomycin resistance bacillithiol transferase	FOSFOMYCIN	FOSFOMYCIN	100.00	100.00	core	AMR	WP_000920239.1	NZ_CP021105.1	2326801	2327217
1376352309	hlgA	bi-component gamma-hemolysin HlgAB subunit A	NA	NA	100.00	99.68	plus	VIRULENCE	AUU54669.1	NZ_CP021105.1	2415390	2416316
1376352309	hlgC	bi-component gamma-hemolysin HlgCB subunit C	NA	NA	100.00	97.46	plus	VIRULENCE	CAA57277.1	NZ_CP021105.1	2416886	2417830
1376352309	hlgB	bi-component gamma-hemolysin HlgAB/HlgCB subunit B	NA	NA	100.00	97.54	plus	VIRULENCE	CAA57278.1	NZ_CP021105.1	2417835	2418809
1376352309	aur	zinc metalloproteinase aureolysin	NA	NA	100.00	99.21	plus	VIRULENCE	EHO93748.1	NZ_CP021105.1	2658898	2660424
1376352309	icaC	polysaccharide intercellular adhesin biosynthesis/export protein IcaC	NA	NA	100.00	100.00	plus	VIRULENCE	AUU58561.1	NZ_CP021105.1	2703754	2704803
1575502651	lukS-PV	Panton-Valentine bi-component leukocidin subunit S	NA	NA	100.00	100.00	plus	VIRULENCE	AGW33874.1	NZ_CP035671.1	82163	83098
1575502651	lukF-PV	Panton-Valentine bi-component leukocidin subunit F	NA	NA	100.00	98.77	plus	VIRULENCE	BAA24008.1	NZ_CP035671.1	83103	84077
1575502651	dfrS1	trimethoprim-resistant dihydrofolate reductase DfrS1	TRIMETHOPRIM	TRIMETHOPRIM	100.00	100.00	core	AMR	WP_000175735.1	NZ_CP035671.1	175662	176144
1575502651	aac(6')-Ie/aph(2'')-Ia	bifunctional aminoglycoside N-acetyltransferase AAC(6')-Ie/aminoglycoside O-phosphotransferase APH(2'')-Ia	AMINOGLYCOSIDE	AMIKACIN/GENTAMICIN/KANAMYCIN/TOBRAMYCIN	100.00	100.00	core	AMR	WP_001028144.1	NZ_CP035671.1	180439	181875
1575502651	mepA	multidrug efflux MATE transporter MepA	TETRACYCLINE	TIGECYCLINE	100.00	99.33	plus	AMR	BAB41547.1	NZ_CP035671.1	1243910	1245262
1575502651	tet(38)	tetracycline efflux MFS transporter Tet(38)	TETRACYCLINE	TETRACYCLINE	100.00	100.00	core	AMR	WP_001100293.1	NZ_CP035671.1	1471180	1472529
1575502651	mecR1	beta-lactam sensor/signal transducer MecR1	BETA-LACTAM	METHICILLIN	55.56	100.00	core	AMR	WP_000952923.1	NZ_CP035671.1	1555689	1556663
1575502651	mecA	PBP2a family beta-lactam-resistant peptidoglycan transpeptidase MecA	BETA-LACTAM	METHICILLIN	100.00	100.00	core	AMR	WP_000721310.1	NZ_CP035671.1	1556763	1558766
1575502651	cna	collagen adhesin Cna	NA	NA	100.00	97.89	plus	VIRULENCE	BAB96477.1	NZ_CP035671.1	1618640	1622188
1575502651	icaC	polysaccharide intercellular adhesin biosynthesis/export protein IcaC	NA	NA	100.00	99.71	plus	VIRULENCE	AUU58561.1	NZ_CP035671.1	1639161	1640210
1575502651	aur	zinc metalloproteinase aureolysin	NA	NA	100.00	93.71	plus	VIRULENCE	EHO93748.1	NZ_CP035671.1	1682947	1684473
1575502651	hlgB	bi-component gamma-hemolysin HlgAB/HlgCB subunit B	NA	NA	100.00	98.77	plus	VIRULENCE	CAA57278.1	NZ_CP035671.1	1932579	1933553
1575502651	hlgC	bi-component gamma-hemolysin HlgCB subunit C	NA	NA	100.00	97.14	plus	VIRULENCE	CAA57277.1	NZ_CP035671.1	1933558	1934502
1575502651	hlgA	bi-component gamma-hemolysin HlgAB subunit A	NA	NA	70.55	99.54	plus	VIRULENCE	AUU54669.1	NZ_CP035671.1	1935072	1935725
1575502651	lmrS	multidrug efflux MFS transporter LmrS	MACROLIDE/PHENICOL	CHLORAMPHENICOL/ERYTHROMYCIN	100.00	98.33	plus	STRESS	AAW38464.1	NZ_CP035671.1	2175648	2177087
1575502651	hld	delta-hemolysin	NA	NA	100.00	100.00	plus	VIRULENCE	AGU62139.1	NZ_CP035671.1	2329073	2329150
1575502651	sak	staphylokinase	NA	NA	100.00	99.39	plus	VIRULENCE	CAA24957.1	NZ_CP035671.1	2384774	2385262
1575502651	scn	complement inhibitor SCIN-A	NA	NA	100.00	99.14	plus	VIRULENCE	ADL23798.1	NZ_CP035671.1	2387474	2387821
1575502651	blaZ	penicillin-hydrolyzing class A beta-lactamase BlaZ	BETA-LACTAM	BETA-LACTAM	100.00	94.66	core	AMR	WP_000733281.1	NZ_CP035671.1	2408932	2409774
1575502651	blaI	penicillinase repressor BlaI	BETA-LACTAM	BETA-LACTAM	100.00	94.44	core	AMR	WP_001284656.1	NZ_CP035671.1	2413822	2414199
1575502651	blaZ	penicillin-hydrolyzing class A beta-lactamase BlaZ	BETA-LACTAM	BETA-LACTAM	69.40	95.38	core	AMR	WP_000733281.1	NZ_CP035671.1	2420936	2421520
1575502651	seo	staphylococcal enterotoxin type O	NA	NA	100.00	100.00	plus	VIRULENCE	BAB42916.1	NZ_CP035671.1	2537668	2538447
1575502651	sem	staphylococcal enterotoxin type M	NA	NA	100.00	93.72	plus	VIRULENCE	SGR88215.1	NZ_CP035671.1	2538731	2539447
1575502651	sei	staphylococcal enterotoxin type I	NA	NA	99.59	93.80	plus	VIRULENCE	SGR88193.1	NZ_CP035671.1	2539485	2540210
1575502651	seu	staphylococcal enterotoxin type U	NA	NA	100.00	93.87	plus	VIRULENCE	SGR88168.1	NZ_CP035671.1	2540367	2541134
1575502651	sen	staphylococcal enterotoxin type N	NA	NA	84.56	99.13	plus	VIRULENCE	SAO78304.1	NZ_CP035671.1	2541176	2541865
1575502651	sel26	staphylococcal enterotoxin type 26	NA	NA	100.00	94.40	plus	VIRULENCE	KAG18833.1	NZ_CP035671.1	2777508	2778257
2212168474	mecA	PBP2a family beta-lactam-resistant peptidoglycan transpeptidase MecA	BETA-LACTAM	METHICILLIN	100.00	100.00	core	AMR	WP_000721310.1	NZ_CP092563.1	39212	41215
2212168474	mecR1	beta-lactam sensor/signal transducer MecR1	BETA-LACTAM	METHICILLIN	55.56	100.00	core	AMR	WP_000952923.1	NZ_CP092563.1	41315	42289
2212168474	tet(38)	tetracycline efflux MFS transporter Tet(38)	TETRACYCLINE	TETRACYCLINE	100.00	100.00	core	AMR	WP_001100299.1	NZ_CP092563.1	124615	125964
2212168474	mepA	multidrug efflux MATE transporter MepA	TETRACYCLINE	TIGECYCLINE	100.00	100.00	plus	AMR	BAB41547.1	NZ_CP092563.1	353400	354752
2212168474	selX	staphylococcal enterotoxin-like toxin X	NA	NA	100.00	96.06	plus	VIRULENCE	AEI60187.1	NZ_CP092563.1	388064	388672
2212168474	splB	serine protease SplB	NA	NA	100.00	98.75	plus	VIRULENCE	ABD31003.1	NZ_CP092563.1	1845308	1846027
2212168474	splA	serine protease SplA	NA	NA	100.00	97.02	plus	VIRULENCE	ABD31004.1	NZ_CP092563.1	1846155	1846859
2212168474	lukD	bi-component leukocidin LukED subunit D	NA	NA	100.00	94.19	plus	VIRULENCE	CAA73668.1	NZ_CP092563.1	1850993	1851973
2212168474	lukE	bi-component leukocidin LukED subunit E	NA	NA	100.00	99.68	plus	VIRULENCE	RCV70079.1	NZ_CP092563.1	1851978	1852910
2212168474	sen	staphylococcal enterotoxin type N	NA	NA	100.00	99.26	plus	VIRULENCE	SAO78304.1	NZ_CP092563.1	1859052	1859867
2212168474	seu	staphylococcal enterotoxin type U	NA	NA	52.11	93.38	plus	VIRULENCE	SGR88168.1	NZ_CP092563.1	1859909	1860316
2212168474	sei	staphylococcal enterotoxin type I	NA	NA	99.59	93.80	plus	VIRULENCE	SGR88193.1	NZ_CP092563.1	1860834	1861559
2212168474	sem	staphylococcal enterotoxin type M	NA	NA	100.00	94.14	plus	VIRULENCE	SGR88215.1	NZ_CP092563.1	1861597	1862313
2212168474	seo	staphylococcal enterotoxin type O	NA	NA	100.00	100.00	plus	VIRULENCE	BAB42916.1	NZ_CP092563.1	1862597	1863376
2212168474	hld	delta-hemolysin	NA	NA	100.00	100.00	plus	VIRULENCE	AGU62139.1	NZ_CP092563.1	2060865	2060942
2212168474	lmrS	multidrug efflux MFS transporter LmrS	MACROLIDE/PHENICOL	CHLORAMPHENICOL/ERYTHROMYCIN	100.00	98.96	plus	STRESS	AAW38464.1	NZ_CP092563.1	2213991	2215430
2212168474	fosB	FosB/FosD family fosfomycin resistance bacillithiol transferase	FOSFOMYCIN	FOSFOMYCIN	100.00	100.00	core	AMR	WP_000920239.1	NZ_CP092563.1	2365896	2366312
2212168474	hlgA	bi-component gamma-hemolysin HlgAB subunit A	NA	NA	100.00	100.00	plus	VIRULENCE	AUU54669.1	NZ_CP092563.1	2454744	2455670
2212168474	hlgC	bi-component gamma-hemolysin HlgCB subunit C	NA	NA	100.00	97.46	plus	VIRULENCE	CAA57277.1	NZ_CP092563.1	2456240	2457184
2212168474	hlgB	bi-component gamma-hemolysin HlgAB/HlgCB subunit B	NA	NA	100.00	97.54	plus	VIRULENCE	CAA57278.1	NZ_CP092563.1	2457189	2458163
2212168474	aph(3')-IIIa	aminoglycoside O-phosphotransferase APH(3')-IIIa	AMINOGLYCOSIDE	AMIKACIN/KANAMYCIN	100.00	100.00	core	AMR	WP_001096887.1	NZ_CP092563.1	2640279	2641070
2212168474	sat4	streptothricin N-acetyltransferase Sat4	STREPTOTHRICIN	STREPTOTHRICIN	100.00	97.78	core	AMR	WP_000627290.1	NZ_CP092563.1	2641166	2641693
2212168474	ant(6)-Ia	aminoglycoside nucleotidyltransferase ANT(6)-Ia	AMINOGLYCOSIDE	STREPTOMYCIN	69.87	100.00	core	AMR	WP_001255866.1	NZ_CP092563.1	2641693	2642325
2212168474	cadC	Cd(II)/Pb(II)/Zn(II)-sensing metalloregulatory transcriptional repressor CadC	CADMIUM/LEAD/ZINC	CADMIUM/LEAD/ZINC	100.00	97.54	plus	STRESS	AAB59153.1	NZ_CP092563.1	2648299	2648664
2212168474	mph(C)	Mph(C) family macrolide 2'-phosphotransferase	MACROLIDE	ERYTHROMYCIN/SPIRAMYCIN/TELITHROMYCIN	100.00	99.67	core	AMR	WP_000196697.1	NZ_CP092563.1	2650032	2650928
2212168474	msr(A)	ABC-F type ribosomal protection protein Msr(A)	MACROLIDE/STREPTOGRAMIN	ERYTHROMYCIN/STREPTOGRAMIN B	100.00	100.00	core	AMR	WP_000438874.1	NZ_CP092563.1	2651030	2652493
2212168474	ant(6)-Ia	aminoglycoside nucleotidyltransferase ANT(6)-Ia	AMINOGLYCOSIDE	STREPTOMYCIN	69.87	100.00	core	AMR	WP_001255866.1	NZ_CP092563.1	2662654	2663286
2212168474	sat4	streptothricin N-acetyltransferase Sat4	STREPTOTHRICIN	STREPTOTHRICIN	100.00	97.78	core	AMR	WP_000627290.1	NZ_CP092563.1	2663286	2663813
2212168474	aph(3')-IIIa	aminoglycoside O-phosphotransferase APH(3')-IIIa	AMINOGLYCOSIDE	AMIKACIN/KANAMYCIN	100.00	100.00	core	AMR	WP_001096887.1	NZ_CP092563.1	2663909	2664700
2212168474	aur	zinc metalloproteinase aureolysin	NA	NA	100.00	99.21	plus	VIRULENCE	EHO93748.1	NZ_CP092563.1	2732897	2734423
2212168474	icaC	polysaccharide intercellular adhesin biosynthesis/export protein IcaC	NA	NA	100.00	100.00	plus	VIRULENCE	AUU58561.1	NZ_CP092563.1	2777657	2778706
